"Id","age","expInYears","licenseNo","mobNo","name","rating","addressId","driverInsuranceId"
773,48,4,7198,"6-(953)385-2154","Kathryn Cunningham",2,1,1
373,47,15,20138,"7-(731)058-3936","Lillian King",1.6,2,2
868,27,21,65269,"5-(086)979-6365","Christina Weaver",4.5,3,3
942,43,9,58338,"7-(886)499-9386","Louis Little",3.1,4,4
149,49,20,44886,"3-(467)425-7401","Martha Ellis",3.3,5,5
532,50,14,42692,"5-(252)048-0908","Helen Wells",2.6,6,6
750,27,3,107431,"4-(430)653-2652","Angela Armstrong",1.1,7,7
337,50,12,40114,"8-(906)066-9712","Jean Edwards",1.7,8,8
252,32,15,21618,"2-(548)260-4198","Steve Harris",3.6,9,9
73,41,25,38857,"0-(475)307-3612","Todd George",2.2,10,10
54,31,2,28540,"0-(016)625-4751","Theresa Kelley",1.3,11,11
23,38,4,92640,"4-(415)895-0769","Ann Clark",3.3,12,12
200,29,6,2191,"7-(779)502-5530","Bruce Fowler",1.2,13,13
62,30,22,7269,"9-(004)096-4272","Ann Stewart",1.8,14,14
633,33,21,66405,"6-(270)697-7358","Antonio Hunter",2.8,15,15
689,46,21,98699,"3-(741)505-7254","Andrew Kelly",4.7,16,16
887,28,6,103592,"0-(161)618-0975","Karen Peters",3.1,17,17
914,25,10,67486,"7-(068)087-6009","Daniel Ellis",2.9,18,18
764,44,14,2403,"0-(523)502-2692","Willie Hamilton",2.4,19,19
398,42,4,16941,"0-(088)752-2537","Gerald Boyd",1.6,20,20
49,40,24,24099,"3-(523)937-4503","Barbara White",1.7,21,21
386,39,12,82178,"0-(611)939-5732","Marilyn Carpenter",3.6,22,22
40,25,12,9937,"2-(667)424-2718","Steven Perry",4.3,23,23
313,32,21,2976,"2-(860)303-7990","Kevin Grant",3.6,24,24
383,28,15,56961,"1-(374)456-8382","Brenda Burton",3.7,25,25
374,50,23,106230,"9-(456)559-2149","Christine Berry",1.6,26,26
165,35,13,63787,"6-(590)032-5180","Nancy Rivera",3.7,27,27
594,31,22,64723,"3-(225)043-8922","Adam Stanley",1.9,28,28
887,35,8,72300,"0-(655)926-8878","Martha Patterson",3.8,29,29
164,33,9,74086,"7-(561)286-1255","Jose Russell",1.5,30,30
768,30,7,109700,"5-(601)185-7987","Ronald Watson",3,31,31
268,46,13,24749,"5-(842)216-6169","Jesse Ward",2,32,32
877,50,22,102376,"5-(396)030-5898","Ashley Nelson",3.9,33,33
123,40,22,53239,"4-(564)054-9645","Michelle Jones",2.3,34,34
900,42,24,2739,"6-(035)760-5207","Aaron Brooks",4.6,35,35
773,46,9,72694,"9-(197)640-1882","Gregory Warren",1.6,36,36
149,40,14,98195,"6-(157)288-0292","Robin Welch",4.7,37,37
581,35,12,104700,"1-(716)438-3563","Shirley Robertson",2.4,38,38
212,31,11,29958,"0-(722)197-8611","Marilyn James",3.1,39,39
927,46,20,32937,"6-(006)352-1545","Walter Fox",3.1,40,40
386,32,8,1003,"2-(172)996-3419","Linda Washington",4.4,41,41
373,34,19,70625,"7-(090)280-7968","John Torres",1.6,42,42
364,45,20,20209,"4-(881)056-4199","Phyllis Fernandez",3.6,43,43
355,31,12,98033,"0-(491)430-6878","Virginia Kim",1.8,44,44
572,47,21,1192,"3-(979)062-4284","Linda Jordan",2.4,45,45
897,37,17,1178,"5-(842)184-6519","Benjamin Greene",4.6,46,46
71,30,15,105417,"9-(194)467-7848","Angela Harrison",1.3,47,47
983,41,14,97803,"7-(698)268-0493","William Perkins",3.5,48,48
268,36,22,70848,"7-(924)068-8718","Aaron Anderson",4.7,49,49
562,26,6,86184,"7-(777)563-6955","Charles Snyder",3.5,50,50
561,32,19,97362,"3-(676)697-0644","Brandon Riley",4.9,51,51
846,29,13,28163,"0-(772)888-2130","John Torres",4.7,52,52
61,49,6,54586,"2-(724)792-6093","Anthony Dixon",1.9,53,53
398,29,16,108778,"8-(182)715-2041","Mildred Nichols",1.3,54,54
120,43,23,64407,"7-(107)938-1893","Marie Coleman",1.1,55,55
838,44,14,29104,"3-(114)213-9786","Michael Cook",2.5,56,56
103,34,11,11087,"2-(070)455-6278","Joan Gordon",4.7,57,57
164,39,22,98625,"8-(252)129-6588","Deborah Stanley",2.6,58,58
804,33,1,64256,"4-(904)740-3634","Diane Peters",3.7,59,59
825,37,9,12361,"6-(544)872-2491","Pamela Mason",1.1,60,60
221,27,11,87425,"8-(119)976-4858","Paula Richards",4.1,61,61
901,39,25,84856,"4-(542)837-8139","Judith Weaver",2.7,62,62
720,33,18,95264,"2-(147)622-3547","Ronald Grant",4.9,63,63
756,28,10,52555,"3-(694)768-6472","Roger Griffin",2.1,64,64
146,32,24,66365,"5-(072)162-1544","Ryan Wagner",2.3,65,65
123,36,5,55553,"3-(979)236-0182","Ruby Rice",4.5,66,66
942,41,12,2160,"7-(220)780-7379","Janice Matthews",2.3,67,67
398,48,16,42595,"4-(886)522-6333","Angela Ford",3.9,68,68
50,43,15,41305,"5-(217)232-6608","Margaret Young",2.1,69,69
835,28,8,13259,"4-(833)492-2082","Janice Bailey",3,70,70
556,29,23,72788,"5-(085)216-4720","Samuel Watson",4.5,71,71
103,25,16,94029,"9-(261)491-1692","Pamela Jones",2,72,72
602,45,8,30425,"0-(365)426-2158","Joshua Carr",3.4,73,73
900,29,14,98625,"0-(028)888-7557","Amanda Bradley",4.3,74,74
168,37,14,57753,"1-(321)645-8804","Edward Snyder",4.7,75,75
355,45,21,55157,"2-(505)673-6852","Craig Ryan",3.6,76,76
532,43,25,42158,"1-(782)838-3188","Margaret Dunn",1.7,77,77
983,26,8,94120,"5-(914)773-2763","Juan Gonzales",2.1,78,78
97,39,8,11302,"5-(752)559-5197","Billy Perez",3.6,79,79
23,43,8,73397,"6-(573)298-0271","Anna Lopez",1.6,80,80
571,42,24,57494,"1-(731)329-0632","Gloria Richards",4.9,81,81
706,46,23,7551,"0-(941)676-6746","John Cooper",3.3,82,82
764,27,15,76755,"6-(154)138-2176","Richard Hawkins",2.3,83,83
764,37,11,56870,"3-(885)043-9711","Walter Lewis",1.7,84,84
689,45,7,47546,"5-(774)372-1931","Arthur Dean",2.2,85,85
291,36,14,108473,"9-(560)169-2693","Evelyn Diaz",3.4,86,86
421,29,8,102763,"7-(540)468-0580","Roger Martin",3.2,87,87
23,38,22,62511,"5-(908)091-7408","Russell Harvey",2.4,88,88
540,41,25,43653,"6-(673)368-8824","Debra Bradley",2.5,89,89
410,48,19,3566,"7-(184)143-0956","Doris Oliver",2.9,90,90
939,44,24,87025,"4-(082)958-6685","Carol Cole",3.4,91,91
19,29,6,15902,"5-(355)755-6193","Peter Fox",2.3,92,92
201,40,24,77511,"3-(203)237-5440","Tammy Frazier",1.4,93,93
235,33,1,75591,"3-(076)415-8020","Michelle Coleman",3.9,94,94
212,37,9,77474,"8-(126)634-1447","Debra Rose",3.2,95,95
814,36,19,30446,"3-(773)596-2531","Jonathan Fuller",3.7,96,96
336,29,21,100810,"6-(582)520-8548","Mary Davis",4.4,97,97
298,41,15,54234,"7-(983)069-7829","Jane Oliver",1.1,98,98
282,30,22,62827,"3-(054)946-7105","Julie Rose",4.6,99,99
201,48,11,98147,"7-(656)443-7199","Eric Hughes",4.5,100,100
812,45,8,28797,"2-(131)834-4374","Albert Marshall",2.1,101,101
740,27,22,96454,"9-(490)482-3494","Deborah Nichols",3.2,102,102
784,46,5,6084,"1-(503)629-9545","Helen Weaver",2.1,103,103
888,35,5,66186,"3-(789)479-7927","Bruce Robinson",3.6,104,104
677,37,24,13360,"9-(895)920-0674","Michael Peters",4,105,105
296,38,24,104001,"8-(017)307-1135","Tina Nguyen",4.1,106,106
286,42,8,54142,"5-(564)092-3679","Deborah Richardson",1.8,107,107
9,40,6,3422,"8-(811)433-2297","Kevin Andrews",2.7,108,108
166,25,3,75570,"5-(698)092-8646","Jose Sanders",3.9,109,109
938,35,22,71789,"5-(849)340-3210","Bruce Lopez",4.7,110,110
991,30,9,10854,"4-(915)606-2527","Daniel Clark",3.5,111,111
372,25,8,66455,"3-(286)056-8545","Raymond Owens",3.1,112,112
792,36,4,40205,"6-(281)511-8364","Ernest Morrison",1.5,113,113
459,43,12,66280,"3-(957)777-1626","Larry Robinson",4.5,114,114
990,25,5,99249,"5-(035)685-0937","Shirley Diaz",1.9,115,115
553,43,22,28170,"6-(713)556-8809","Michelle Perez",1.7,116,116
227,26,21,83389,"3-(535)161-4798","Kelly Shaw",3.1,117,117
346,50,3,19941,"4-(162)812-4644","Todd Johnson",1.9,118,118
268,28,21,24821,"0-(376)730-9642","Jean George",3.4,119,119
517,37,19,95322,"0-(524)183-7099","Robert Alexander",3.6,120,120
529,31,16,7623,"9-(110)762-6732","Randy Allen",1.3,121,121
573,30,8,103550,"1-(923)203-8381","Louise Wright",3.3,122,122
527,43,21,74693,"7-(046)213-9964","Roy Riley",3.1,123,123
292,43,18,55733,"2-(679)871-8970","Tammy Jackson",4.8,124,124
955,38,24,106005,"4-(457)005-8140","Willie Martin",4.1,125,125
885,40,20,18576,"0-(235)897-9110","Charles Ruiz",1.6,126,126
673,49,23,91223,"3-(230)754-4707","Jason Kelley",4.9,127,127
988,29,13,100376,"5-(004)249-7309","Emily Smith",4.4,128,128
492,39,5,62100,"8-(493)861-6941","Maria Parker",4.1,129,129
944,31,17,89767,"8-(059)879-9853","Thomas Burton",1.2,130,130
959,47,6,64150,"1-(050)088-5537","Timothy Burton",1.1,131,131
306,35,18,81296,"7-(369)905-7815","Benjamin Sanders",3.9,132,132
488,32,10,97676,"1-(335)841-1532","Sharon Greene",3,133,133
894,29,10,58569,"5-(325)353-9903","Laura Ray",3.2,134,134
567,36,8,12852,"7-(817)097-1142","Jonathan Johnson",2.3,135,135
87,28,6,71876,"3-(857)239-2517","Keith Castillo",1.8,136,136
475,28,18,66639,"0-(577)541-0204","Rebecca Hansen",2.7,137,137
866,35,19,85549,"8-(496)603-0196","Judy Powell",1.5,138,138
592,35,7,45824,"0-(183)156-2403","Gerald Campbell",1.1,139,139
702,47,20,94547,"6-(685)350-7252","Rose Stone",3.8,140,140
228,48,19,102841,"7-(094)467-6265","Matthew Sanchez",2.5,141,141
939,50,25,79941,"8-(679)265-8753","Brandon King",4.6,142,142
791,47,14,93874,"9-(053)358-3993","Steve Castillo",2,143,143
946,38,18,60653,"3-(363)634-0554","Kevin Lopez",3.9,144,144
219,29,20,97433,"3-(397)039-1693","Harold Shaw",3.5,145,145
769,37,16,28135,"7-(510)112-7957","Jason Ford",1.8,146,146
743,40,16,98448,"2-(722)877-0679","Elizabeth Armstrong",4.3,147,147
73,38,11,100124,"3-(638)506-0781","Anthony Fields",4.4,148,148
944,42,13,84503,"3-(916)791-4179","Andrea Little",4.7,149,149
112,44,20,99478,"3-(494)651-8318","Robin Moreno",2.7,150,150
933,44,13,80376,"8-(725)909-4336","Jacqueline King",3.9,151,151
93,38,14,109871,"9-(711)293-3420","Theresa Hansen",3.5,152,152
861,38,19,52638,"9-(116)092-0331","Tammy Medina",1.8,153,153
982,42,18,24318,"3-(990)402-5779","Harold Jordan",1.5,154,154
535,26,1,70677,"4-(242)397-0512","Maria James",1.8,155,155
463,34,23,99386,"2-(176)872-5791","Willie Harris",3.6,156,156
334,35,7,43353,"3-(462)078-2560","Theresa Mccoy",4.4,157,157
348,32,14,45373,"9-(844)198-8204","Kelly Lawson",4.7,158,158
485,47,15,108467,"9-(575)697-2807","Amy Davis",3.9,159,159
961,48,16,104208,"0-(785)712-4323","Larry Simmons",2.8,160,160
925,34,15,55202,"5-(092)918-6858","Phillip Carter",3.9,161,161
173,40,12,102484,"4-(418)610-7964","Martin Warren",2.2,162,162
680,37,16,94354,"9-(524)493-0322","Chris Patterson",4.9,163,163
854,38,13,47487,"2-(444)013-3670","Clarence Chavez",4.5,164,164
458,27,25,44925,"2-(698)193-5215","Jeffrey Hawkins",1.6,165,165
1,37,11,80078,"9-(765)608-8951","John Ward",2.1,166,166
838,36,2,38977,"2-(761)331-0417","Michael Snyder",2.6,167,167
133,49,18,63045,"1-(981)219-4012","Louise Hughes",1.6,168,168
404,39,14,99381,"7-(874)443-3535","Julie Gardner",4.3,169,169
424,45,22,77421,"9-(923)675-4663","Frances Tucker",1.3,170,170
676,29,18,35299,"3-(863)765-4738","Kathleen Robinson",2.2,171,171
135,29,3,76284,"2-(013)562-8182","Scott Ryan",2.3,172,172
160,33,25,91893,"8-(256)951-6034","Diane Long",1.7,173,173
870,27,10,75497,"7-(272)115-6408","Martha Dixon",3,174,174
556,28,25,2667,"5-(131)439-2270","Jacqueline Pierce",1.6,175,175
462,30,21,2173,"7-(563)352-4761","Harry Gordon",4.3,176,176
378,38,3,38701,"7-(465)991-1987","Marie Fields",4.8,177,177
579,25,15,64404,"5-(562)533-6093","Eric Wallace",1.8,178,178
192,38,20,1079,"5-(231)837-1016","Robin Young",3.2,179,179
710,48,2,34903,"3-(343)621-3192","Lisa Bailey",4.2,180,180
152,49,19,13240,"2-(294)104-1529","Roger White",4,181,181
797,47,7,1552,"0-(694)121-6010","Bobby Vasquez",4.2,182,182
270,26,8,8607,"5-(923)617-4189","Ruth Kennedy",4.9,183,183
902,29,21,45137,"4-(101)647-6658","Rose Graham",3.7,184,184
158,39,12,31818,"2-(097)932-5305","Ruby Jordan",1.1,185,185
896,47,22,26945,"2-(502)326-7477","Larry Dunn",4.7,186,186
898,26,8,57595,"2-(547)781-5050","Martha White",3.5,187,187
468,48,19,25352,"5-(390)284-3795","Diana Patterson",1.7,188,188
852,41,11,24816,"7-(308)668-9759","Joan Hughes",2.3,189,189
440,48,5,67788,"0-(368)885-8532","Victor Peterson",2.5,190,190
465,49,22,57703,"3-(871)334-5370","Heather Alvarez",3.8,191,191
451,40,2,73386,"4-(284)705-3076","Marie Lopez",1.5,192,192
78,25,14,42449,"7-(728)481-2403","Ruby Lane",2.9,193,193
364,42,4,34570,"2-(363)808-8499","Margaret Hayes",1,194,194
664,40,21,36407,"8-(556)348-2601","Paul Mason",3.1,195,195
102,35,9,78118,"4-(464)032-5047","Katherine Hart",4.6,196,196
570,41,21,22209,"2-(454)541-5677","Eric White",2.1,197,197
565,29,2,108688,"1-(191)251-6612","Craig Cunningham",3.4,198,198
595,26,9,1903,"0-(787)900-8144","Bruce Burke",1.2,199,199
583,40,2,79842,"4-(669)880-6606","Gloria Bradley",1.6,200,200
835,30,6,14174,"3-(262)866-9633","Kimberly Cox",3.5,201,201
964,30,11,8419,"0-(712)977-9417","Heather Harrison",4.3,202,202
530,33,23,58897,"9-(779)362-6737","Keith Phillips",4.6,203,203
34,34,11,30787,"3-(773)271-3240","Johnny Hughes",3.2,204,204
701,49,12,36742,"4-(828)220-7615","Deborah Stone",1.8,205,205
49,44,15,93945,"6-(447)600-4063","Virginia Gardner",3.9,206,206
397,41,12,29538,"2-(675)071-5494","Edward Dean",4.6,207,207
476,32,17,101370,"3-(616)354-5347","Scott Ross",2.9,208,208
620,44,3,24505,"5-(144)203-4601","Brian Freeman",3.6,209,209
422,40,5,59900,"6-(697)885-0452","Bruce Fisher",1.9,210,210
721,46,25,31488,"4-(219)443-2682","Brian Reynolds",4.8,211,211
982,43,1,19532,"5-(588)183-9908","Sean Brown",1.1,212,212
292,40,3,81578,"3-(029)441-0706","Judy Henry",3.7,213,213
625,33,20,108700,"1-(102)197-1587","Barbara Hunt",3.7,214,214
727,36,3,36772,"9-(701)316-1991","Robert Stanley",4.1,215,215
796,28,18,88699,"4-(319)186-4129","Janice Kelley",2.6,216,216
323,28,11,3827,"0-(716)425-1334","Norma Gray",2.2,217,217
9,47,20,90416,"6-(794)584-4732","Eric Roberts",1.8,218,218
264,48,1,84670,"9-(983)763-5741","Keith Murray",3.3,219,219
807,35,3,47188,"1-(537)480-9889","Ralph Harris",1.3,220,220
689,40,23,38159,"0-(793)006-1243","Julie Gilbert",4.3,221,221
843,50,1,37438,"5-(582)126-9223","Howard Knight",1.3,222,222
692,46,13,6497,"6-(909)065-3966","Jerry West",1.2,223,223
508,46,2,63905,"4-(647)243-6582","Jane Cole",3.2,224,224
116,36,16,51408,"6-(470)073-7902","Mark Willis",2.8,225,225
433,49,2,65253,"0-(912)414-3774","David Garza",2.2,226,226
696,50,15,73318,"6-(018)585-1653","Alice Dunn",4.9,227,227
740,41,3,62099,"2-(325)955-8030","Patrick Long",4.8,228,228
250,41,15,37310,"8-(967)194-0153","Margaret Patterson",1.7,229,229
599,47,4,79235,"9-(007)488-5882","Carolyn Dean",3.5,230,230
618,33,3,48492,"8-(244)630-2779","Rachel Griffin",2.6,231,231
611,43,21,37738,"1-(666)257-3692","Joe Harper",3.5,232,232
841,26,13,24174,"5-(899)635-0902","David Hanson",3.4,233,233
96,41,13,108221,"8-(999)184-4518","Virginia Harper",3.8,234,234
224,29,18,34304,"5-(227)897-1418","Amy Davis",2.1,235,235
528,30,20,34007,"0-(876)323-4762","Ruth Harrison",3.8,236,236
177,47,15,67730,"9-(208)240-5837","Shirley Peterson",2.4,237,237
216,47,4,80013,"7-(346)147-7959","Deborah Nelson",4.9,238,238
109,30,17,43516,"8-(514)344-9741","Dennis Welch",1.2,239,239
642,35,8,54554,"4-(042)808-7796","Eric Mccoy",1.9,240,240
321,42,9,75920,"1-(230)281-5112","Brian Thomas",4.6,241,241
526,28,16,96777,"5-(998)107-5323","Tina Sullivan",3.8,242,242
362,48,14,17960,"4-(055)128-7334","Michelle Gonzales",2.4,243,243
403,42,17,2832,"7-(942)980-8960","Wanda Ferguson",4.5,244,244
711,40,13,43667,"7-(991)059-5865","Nicole Kim",3.6,245,245
933,28,6,42104,"4-(149)637-8420","Sharon Dunn",3.9,246,246
835,25,22,5478,"6-(233)993-3749","Earl Rice",2,247,247
706,46,22,496,"2-(398)782-9715","Amanda Frazier",4.9,248,248
834,47,13,44296,"4-(100)834-7072","Bobby Miller",3,249,249
874,25,7,15760,"6-(805)877-8643","Victor Smith",4.6,250,250
169,33,20,85699,"9-(557)864-7021","Robin Burke",1.7,251,251
477,50,3,99995,"4-(340)346-8557","Ryan Harrison",3,252,252
936,40,5,25406,"9-(030)396-2030","Brandon Berry",3.8,253,253
50,35,18,70162,"5-(734)062-4381","Juan Burke",4.4,254,254
308,47,2,87250,"3-(893)489-4216","Chris Gray",3,255,255
650,35,4,18047,"1-(921)163-5636","Clarence Knight",3.5,256,256
187,46,23,41813,"5-(743)617-0470","Jerry Nguyen",2.7,257,257
877,39,14,100563,"4-(289)145-2088","Jonathan Roberts",1.8,258,258
236,46,13,42240,"6-(303)173-1893","Lawrence Alvarez",4.6,259,259
165,40,22,49200,"5-(588)426-9432","Amy Burton",1.2,260,260
150,48,25,33090,"5-(534)761-1239","Carlos Jones",2.9,261,261
593,43,1,105416,"4-(713)101-9732","Ann Anderson",5,262,262
727,48,15,72824,"1-(886)997-1710","Julia Kim",2.6,263,263
645,50,18,9342,"6-(542)333-9098","Mildred Sullivan",3.2,264,264
323,47,18,8980,"9-(691)217-0347","Daniel Nichols",1.4,265,265
118,50,15,80327,"8-(653)909-1028","Gregory Gonzalez",2,266,266
450,48,2,51325,"0-(492)590-8040","Sharon Sullivan",1.6,267,267
850,29,17,2245,"0-(420)325-8984","Paula Watson",3.9,268,268
116,43,13,76351,"5-(842)653-8440","Sara Morrison",1.2,269,269
16,48,20,32536,"9-(962)624-7078","Kimberly Lawson",2.3,270,270
703,31,20,74882,"9-(868)322-8756","Irene Burns",3.1,271,271
5,33,9,45998,"8-(088)018-7398","Jesse Adams",3.7,272,272
675,36,14,95618,"3-(103)188-7030","Theresa Hughes",5,273,273
82,48,19,42020,"9-(516)992-3921","Rebecca Alvarez",2.4,274,274
744,38,23,66816,"8-(412)031-8171","Diana Peters",3.2,275,275
99,38,10,98641,"0-(371)663-0875","Irene Green",2.7,276,276
779,27,21,29408,"5-(509)755-7521","Annie Alexander",3.1,277,277
27,39,23,60012,"8-(592)561-7154","Alice Reid",2.5,278,278
639,35,15,82568,"0-(420)841-6379","Janet Alexander",3.8,279,279
564,40,14,42723,"9-(769)257-0667","Tina Franklin",2.3,280,280
778,26,1,52658,"0-(846)264-8656","Dorothy Watson",3.9,281,281
283,30,3,41490,"9-(643)200-1014","Alan Watkins",4.2,282,282
779,29,25,22217,"2-(848)584-8247","Norma Smith",4.6,283,283
980,26,17,83028,"8-(728)996-6695","Maria Welch",4.5,284,284
521,29,20,21433,"6-(376)990-3776","Alan Rogers",1,285,285
243,34,14,91272,"1-(518)556-9071","Irene Griffin",4.4,286,286
255,34,18,54770,"8-(753)089-6393","Lawrence Lee",3,287,287
275,46,19,15532,"4-(778)020-0056","Kevin Little",4.1,288,288
583,45,1,9274,"5-(656)316-3460","Phyllis Ward",2.7,289,289
103,36,19,84886,"2-(783)689-7900","Lois Clark",1.2,290,290
640,38,14,26197,"5-(104)365-2349","Andrew Fuller",2.2,291,291
186,29,24,15751,"6-(553)118-0940","Lois Mendoza",4.5,292,292
400,27,17,69630,"4-(861)988-2932","Sharon Hanson",4.6,293,293
792,25,8,74704,"5-(584)017-2255","Ashley Carr",4,294,294
400,30,18,72217,"7-(158)695-0185","Billy Taylor",4.2,295,295
726,32,14,30205,"0-(546)838-6161","Andrea Lee",4.1,296,296
991,40,12,45766,"7-(135)814-5397","Christine Stone",2.9,297,297
206,29,21,80358,"1-(531)882-8260","David Ford",2.5,298,298
543,50,22,22277,"9-(432)767-1749","Edward Thomas",1.1,299,299
228,43,1,56196,"0-(293)328-6238","Joe Garrett",3.6,300,300
294,46,3,33529,"0-(456)251-1181","Judy Kennedy",3,301,301
50,35,4,106976,"8-(700)909-0089","Patrick Perkins",3.8,302,302
804,33,13,46132,"3-(504)969-5723","Nicholas Holmes",4.7,303,303
753,30,6,90823,"2-(512)683-9387","Carlos Young",1.6,304,304
828,49,24,95881,"4-(767)478-2443","Frank Morgan",4.4,305,305
187,47,7,906,"7-(078)308-0023","Janice Wilson",3.6,306,306
409,26,13,73725,"6-(850)555-3706","Steve Jenkins",1.7,307,307
514,45,25,61488,"3-(842)040-3924","Brenda Williams",4.4,308,308
399,34,2,52682,"2-(678)356-8395","Johnny Montgomery",4,309,309
636,48,7,57261,"3-(511)661-6468","Nicole Olson",4.7,310,310
110,48,24,21498,"0-(051)211-4588","Joshua Snyder",1.3,311,311
29,30,5,83872,"3-(887)840-6055","Carolyn Carpenter",4.8,312,312
682,28,21,23963,"2-(531)662-4211","Linda Stephens",4.4,313,313
638,29,3,96490,"3-(389)401-7237","Todd Johnston",4.5,314,314
766,25,16,52328,"9-(808)922-3852","Steven Olson",4.8,315,315
182,35,3,8131,"1-(161)694-6799","Stephen Anderson",1.7,316,316
578,32,4,50925,"1-(468)697-8597","Bruce Holmes",3.1,317,317
361,35,25,4955,"3-(692)784-5911","Janice Hunter",2.9,318,318
785,43,20,62793,"1-(741)719-1700","Fred Garza",2.2,319,319
664,46,10,44286,"9-(289)297-0769","Kelly Walker",4,320,320
720,44,15,34229,"9-(050)564-0737","Carol Peterson",1.7,321,321
686,46,6,20756,"1-(723)129-8892","Thomas Green",4.3,322,322
71,37,25,64855,"1-(879)182-9691","Daniel Carter",4.6,323,323
381,37,7,73984,"0-(867)474-9041","Billy Berry",3.9,324,324
392,26,4,76467,"9-(350)940-7961","Wayne Lawson",4.8,325,325
606,28,21,33429,"9-(954)085-0826","Peter Evans",1.7,326,326
333,37,5,43209,"3-(344)122-1787","Marilyn Williamson",2.6,327,327
549,44,25,104689,"1-(190)268-6924","Bobby Sanchez",1.4,328,328
1000,48,13,2238,"6-(900)236-2734","Sean Dean",4.7,329,329
970,28,10,8108,"9-(697)488-9513","Douglas Chapman",1,330,330
253,30,16,64586,"1-(445)583-3224","Eugene Johnston",4.1,331,331
113,36,20,60310,"1-(073)978-6364","Harry Rose",2.4,332,332
739,33,13,37814,"7-(646)859-8079","Lori Barnes",1.4,333,333
567,28,4,8318,"5-(413)896-5367","Eric Martinez",1.7,334,334
351,25,2,36468,"5-(028)154-3707","Harold Palmer",2.4,335,335
506,49,22,33606,"4-(810)576-9299","Mildred Cruz",2,336,336
688,31,22,87927,"6-(465)704-7312","Donald Hicks",3.6,337,337
273,41,17,256,"9-(783)109-7754","Anthony Powell",3.3,338,338
741,25,8,47791,"8-(789)423-3070","Cheryl Hughes",2.4,339,339
814,40,20,67156,"9-(841)230-3373","Todd Welch",1.8,340,340
906,36,12,90286,"7-(300)261-6986","William Flores",4,341,341
175,38,17,51794,"4-(456)866-9007","Aaron Grant",1.6,342,342
663,45,23,82486,"1-(389)744-2641","Joan Chapman",3.2,343,343
504,27,13,7858,"4-(740)065-2040","Annie Pierce",4.1,344,344
299,25,12,14424,"0-(491)032-8805","Joe Edwards",2.2,345,345
954,26,24,47914,"9-(388)899-3458","Anne George",4.3,346,346
854,25,25,93722,"1-(635)298-5892","Norma Hayes",4.8,347,347
54,29,16,80350,"2-(131)617-8302","Jeffrey Ramos",2.6,348,348
495,36,3,74089,"5-(628)045-2459","Ronald Ford",3.4,349,349
423,45,25,28887,"6-(183)498-8960","Catherine Larson",2.5,350,350
257,26,11,11025,"1-(106)092-1616","Jose Martin",1.3,351,351
468,38,1,74321,"0-(544)569-0428","Henry Peters",2.1,352,352
180,35,8,35385,"3-(255)647-4285","Rose Alexander",1.3,353,353
519,41,7,33407,"6-(498)154-3007","Kathy Chapman",1.6,354,354
498,28,10,54167,"2-(075)880-5377","Steven Green",2.8,355,355
542,27,20,78131,"4-(446)860-1631","Karen Kennedy",4.7,356,356
29,27,10,41447,"8-(452)496-4092","Jane Cole",2.4,357,357
126,29,21,90680,"2-(668)619-4901","Wanda Ramos",3.1,358,358
1000,47,16,66206,"6-(317)548-0547","Thomas Pierce",4,359,359
435,42,1,63555,"8-(189)582-6527","John Nguyen",3.3,360,360
309,38,7,21191,"0-(803)346-9444","Philip Montgomery",2.6,361,361
572,37,8,30738,"3-(999)997-3733","Bobby Washington",2.9,362,362
211,36,21,75764,"6-(905)305-8120","Joseph Alexander",4.4,363,363
474,48,16,46955,"2-(930)558-5774","Gregory Crawford",2.1,364,364
397,31,14,54197,"8-(083)260-2746","Ronald Crawford",4.9,365,365
197,38,25,98547,"7-(249)582-5664","Diana Hart",3.5,366,366
493,26,15,91521,"4-(782)462-0051","Jean Robinson",2.4,367,367
611,50,16,85294,"3-(024)120-2139","Lisa Knight",2.7,368,368
200,34,20,55297,"1-(194)063-9559","Ronald Snyder",4.7,369,369
31,30,19,86762,"0-(884)452-9565","Anne Bowman",1.9,370,370
688,32,13,97610,"7-(556)547-6232","Judy Wilson",4.8,371,371
390,25,1,97373,"9-(426)767-9965","Lori Fernandez",4.9,372,372
185,41,18,104515,"4-(995)010-8925","Ruth Reyes",3.2,373,373
255,49,20,52206,"1-(510)530-2502","Jessica Snyder",2.4,374,374
426,28,25,104422,"5-(909)316-8658","Anne Cunningham",1,375,375
801,31,6,107685,"6-(707)337-9710","Sarah Smith",1.4,376,376
523,36,20,79155,"8-(425)455-8614","Mildred Vasquez",2.3,377,377
349,44,4,28378,"4-(521)200-9649","Andrew Mendoza",2.1,378,378
686,31,23,73784,"3-(358)756-9677","Christina Elliott",4.5,379,379
900,27,11,48807,"4-(998)893-7109","Mary Stanley",4.8,380,380
889,47,15,68222,"0-(826)811-7474","Antonio Hughes",3.2,381,381
836,39,21,33313,"8-(822)755-1805","Kelly Fields",1.9,382,382
291,41,7,37649,"4-(946)866-0646","Nicholas Armstrong",1.9,383,383
669,32,17,28989,"5-(913)071-6115","Stephanie Campbell",4,384,384
209,48,2,37871,"6-(762)370-3223","Louis Montgomery",3,385,385
925,30,2,68161,"2-(828)187-4316","Sarah Matthews",3.4,386,386
150,35,4,66934,"3-(509)318-7352","Helen Jacobs",1.6,387,387
470,43,12,102756,"3-(129)091-1436","Stephanie Robinson",2.7,388,388
60,31,22,68142,"9-(523)234-0375","Shirley Ramirez",1.3,389,389
763,26,16,37918,"1-(769)349-8321","Rose Jenkins",4.2,390,390
897,43,3,55069,"6-(316)342-9829","Harry Smith",2.6,391,391
401,38,10,71983,"3-(476)696-0631","Raymond Franklin",2.5,392,392
961,30,4,18783,"7-(889)054-1347","Julie Knight",2.9,393,393
513,33,5,14960,"3-(300)063-4613","Stephanie Holmes",3.5,394,394
124,36,15,109130,"5-(294)694-2080","Steven James",4.2,395,395
851,28,21,17269,"3-(064)145-1282","Douglas Wood",2.7,396,396
664,48,10,37933,"1-(095)859-1597","Brenda Ortiz",2.5,397,397
427,46,6,73038,"6-(871)034-5614","Craig Hall",3.3,398,398
907,45,10,89186,"6-(828)817-1317","Annie Cunningham",4.7,399,399
535,48,3,78705,"4-(129)621-5669","Harold Harper",1.9,400,400
771,47,21,464,"1-(629)375-8117","Linda Wilson",1.2,401,401
82,32,25,82197,"0-(236)470-0480","Philip Riley",2.7,402,402
438,45,25,83600,"8-(090)128-0332","Nicholas Jenkins",1.2,403,403
917,35,17,5156,"9-(171)901-9706","Lois Bishop",2.6,404,404
168,40,2,77340,"6-(775)717-6528","Walter Castillo",1.9,405,405
141,30,4,28621,"5-(179)563-6515","Samuel Sullivan",3.4,406,406
764,29,1,92311,"2-(061)305-6077","Rose Stewart",2.3,407,407
723,46,24,87829,"9-(689)984-5605","Judy Carter",4.2,408,408
184,39,4,16074,"5-(101)827-2378","Julia Torres",3.3,409,409
653,45,16,102299,"7-(687)568-2305","Scott Medina",4.7,410,410
542,26,1,26647,"5-(748)356-6428","Heather Robinson",4.6,411,411
767,25,2,91793,"2-(252)641-2947","Louis Riley",3.1,412,412
922,29,4,12005,"2-(308)059-3646","Lois Robinson",4.8,413,413
541,48,13,45835,"1-(070)837-3285","Anne Schmidt",2.7,414,414
545,38,16,40565,"4-(088)140-8397","Mary Taylor",2.4,415,415
363,41,1,45654,"5-(950)142-3521","Phillip James",4.1,416,416
377,43,11,60147,"6-(099)548-1227","Scott Stewart",1.7,417,417
270,34,24,78014,"7-(746)123-4717","Carl Brown",1.2,418,418
222,31,3,17450,"5-(671)649-7852","Ashley Fox",3.2,419,419
585,36,10,906,"2-(470)802-4771","Lisa Wells",5,420,420
65,48,16,74150,"7-(599)428-3900","Carol Gibson",3.3,421,421
163,47,3,42819,"8-(151)564-6769","Terry Walker",1.5,422,422
507,39,22,78235,"5-(737)296-0044","Victor Wilson",1.1,423,423
73,43,25,18176,"9-(374)788-6008","Timothy Meyer",4.5,424,424
55,49,19,100264,"2-(415)638-2170","Gloria Harris",2.8,425,425
231,32,3,57867,"3-(907)493-6063","Melissa Dixon",2.4,426,426
547,49,11,45953,"0-(433)103-7435","Ryan Watkins",4.1,427,427
207,26,8,13449,"4-(420)098-0904","Johnny Campbell",3.6,428,428
23,27,5,65907,"4-(839)968-9373","Arthur Owens",1.8,429,429
398,35,6,78982,"8-(093)379-2161","Joshua Smith",4.5,430,430
523,47,24,72408,"6-(700)894-2182","Kathy Coleman",1.9,431,431
734,34,19,70949,"2-(748)564-6190","Wayne Morris",3.3,432,432
762,25,8,9130,"1-(485)366-7150","Sarah Stevens",3.2,433,433
695,29,10,59102,"0-(001)398-6888","Annie Stone",4.7,434,434
459,42,2,66512,"2-(180)124-0567","Steven Carter",2.4,435,435
646,28,11,15635,"8-(734)555-6091","Nicholas Roberts",2,436,436
662,25,5,87459,"7-(675)140-7126","Carolyn Ellis",4.6,437,437
714,28,25,22141,"9-(029)771-9330","Carolyn Gordon",1.7,438,438
826,29,9,97662,"8-(304)344-6685","David Ellis",1.4,439,439
992,41,1,8614,"3-(816)413-4779","Alan Harrison",3.2,440,440
610,28,17,40044,"2-(391)492-9785","Anne Garrett",4,441,441
527,45,22,66940,"7-(243)174-4762","Russell White",4.3,442,442
4,40,3,98120,"4-(834)355-4450","Matthew Bailey",2.4,443,443
406,50,11,18836,"0-(821)386-0587","Howard Barnes",4,444,444
767,28,9,102939,"9-(984)263-9552","Melissa Fields",4.4,445,445
874,32,24,72335,"2-(828)000-2852","Angela Johnston",3.6,446,446
961,34,23,83904,"0-(891)390-5223","Jane Baker",1,447,447
359,26,7,50658,"7-(048)046-5119","Robert Sanchez",5,448,448
303,26,3,99393,"5-(840)591-1648","Johnny Hill",4.4,449,449
454,35,24,466,"2-(293)705-7733","Michelle Mcdonald",4.8,450,450
568,32,9,87776,"9-(619)227-0821","Linda Daniels",3.5,451,451
371,30,23,3850,"9-(891)371-1190","Deborah Cole",1.3,452,452
744,41,18,32893,"9-(006)241-1618","Virginia Robinson",3.8,453,453
513,36,11,32335,"4-(680)942-0377","George Weaver",3.3,454,454
885,40,18,44842,"2-(860)500-3444","Diane Marshall",4.1,455,455
953,40,17,101610,"3-(723)368-7967","Jack Gonzales",3.5,456,456
994,42,9,18674,"1-(870)318-3094","Denise Perez",4.7,457,457
89,39,14,72761,"9-(672)493-2765","Ryan Fowler",1.5,458,458
306,27,3,80329,"3-(284)255-2835","Jeffrey Alvarez",3.7,459,459
168,41,19,59262,"8-(972)928-5535","Heather Simpson",4.5,460,460
948,38,8,102618,"5-(197)374-6518","Douglas Bailey",4.3,461,461
767,41,11,29145,"5-(384)312-3077","Catherine Baker",5,462,462
974,50,13,6927,"0-(348)506-3630","Christina Reynolds",2.8,463,463
471,26,15,24123,"5-(077)960-7672","Norma Fuller",4.6,464,464
458,25,14,52368,"4-(866)729-5219","Scott Ryan",4.1,465,465
758,45,25,20248,"4-(981)184-5809","Antonio Hunt",2.6,466,466
264,46,14,90139,"8-(680)191-0931","Judy Richardson",3.3,467,467
167,26,19,19893,"8-(458)867-6200","Kathy Sanchez",3.2,468,468
939,50,3,60177,"3-(637)583-2132","Angela Harvey",4.2,469,469
114,26,9,26924,"3-(720)972-2439","Frances Cole",2.1,470,470
668,40,25,109148,"4-(698)747-2260","Charles Washington",1.3,471,471
778,30,3,51527,"8-(121)736-4175","Anthony Howard",2.7,472,472
704,40,4,28654,"1-(231)408-3303","Jesse Turner",4.6,473,473
529,45,8,90260,"0-(357)286-3208","Theresa Oliver",1.8,474,474
794,26,21,86534,"0-(918)409-0750","Terry Banks",1.6,475,475
212,37,19,66788,"7-(572)528-2682","Adam Ryan",4.7,476,476
335,42,17,101845,"2-(467)100-3324","Jerry Price",2.3,477,477
44,33,19,10484,"3-(530)984-7794","Teresa Moore",3.7,478,478
657,36,20,58000,"8-(141)376-7512","Joe Arnold",3.7,479,479
799,49,8,27839,"0-(073)850-1622","Anne Elliott",4.9,480,480
664,44,22,38651,"0-(225)081-6816","Bobby Montgomery",1.2,481,481
349,26,1,32351,"1-(213)013-8337","Aaron Fisher",4.7,482,482
404,45,9,17433,"8-(385)637-0889","Kathy Little",1.4,483,483
629,45,9,36281,"9-(264)614-1993","James Duncan",3.7,484,484
688,40,25,4751,"8-(592)721-0401","Ann Hicks",1.5,485,485
898,36,24,96992,"3-(342)762-9124","Jack Jordan",2.1,486,486
34,41,15,39986,"0-(313)300-4932","Alice Henderson",2.2,487,487
45,41,9,47575,"5-(633)068-6562","Beverly Baker",3,488,488
523,38,18,8956,"5-(220)057-9389","Jessica Long",2.8,489,489
128,39,1,86638,"8-(293)928-5851","Donna Bailey",3.4,490,490
644,42,11,103520,"9-(277)265-7223","Scott Pierce",1.2,491,491
64,28,7,9976,"7-(533)292-7427","Donald Andrews",4.2,492,492
918,41,2,106072,"3-(780)336-4429","Stephanie Watkins",4,493,493
951,28,13,92999,"6-(575)090-4710","Alan Perry",4.5,494,494
536,33,8,36131,"7-(982)394-5905","Frances Murray",4.5,495,495
371,47,24,62622,"2-(251)153-9544","Anne Watson",1.3,496,496
157,44,10,38389,"0-(691)174-5520","Kathryn Murray",2.1,497,497
498,27,4,86682,"8-(214)774-4235","Phyllis Williams",2.3,498,498
451,34,25,43535,"2-(245)218-5501","Stephen Taylor",4.2,499,499
981,49,16,30407,"6-(821)226-5403","Gerald Reynolds",3.8,500,500
395,38,10,59742,"9-(997)002-1930","Joshua White",2.1,501,501
653,46,12,57329,"7-(181)039-5397","Heather Mccoy",2.2,502,502
607,33,25,70621,"7-(277)792-8771","Bobby Jones",2.5,503,503
786,50,18,8688,"0-(881)407-7625","Jennifer Flores",4.9,504,504
677,50,24,77165,"4-(000)948-8609","Beverly Crawford",1.4,505,505
184,28,3,3152,"7-(823)799-8433","Phillip Thomas",2.2,506,506
895,38,21,56674,"2-(952)407-5939","Gary Smith",4.5,507,507
229,48,8,69322,"8-(518)488-8073","Clarence Campbell",2,508,508
954,29,5,60119,"5-(587)018-6184","Rachel Perkins",2.2,509,509
578,46,20,62857,"8-(419)262-5451","Ronald Stone",3.2,510,510
327,27,5,77367,"5-(128)745-1327","Amanda Fernandez",3.5,511,511
177,39,11,87749,"6-(438)250-0960","Paula Harper",4.9,512,512
471,27,12,43865,"9-(985)345-8180","Jane Nelson",1.2,513,513
268,34,11,47140,"6-(721)979-8400","Stephanie West",4.4,514,514
733,27,7,106267,"8-(766)055-4953","Johnny Gonzales",2.3,515,515
269,28,22,41695,"6-(855)305-9219","Antonio Gordon",4.3,516,516
966,26,7,24542,"1-(548)632-4422","Andrea Ruiz",2.5,517,517
419,38,14,63677,"2-(190)637-1755","Jesse Ramirez",1.4,518,518
229,29,17,73276,"7-(489)521-3577","Jerry Turner",1.4,519,519
898,29,18,20808,"3-(977)682-4313","Bonnie Thomas",4.4,520,520
489,48,4,83684,"8-(779)552-3023","Linda Ford",2.1,521,521
252,49,14,73626,"8-(677)163-0071","Brian Garcia",4.2,522,522
284,27,12,93881,"5-(750)851-6838","Patricia Ruiz",1.5,523,523
950,29,24,90091,"0-(427)869-3051","Samuel Foster",3.9,524,524
61,35,25,103862,"0-(665)478-6614","Rachel Porter",2.2,525,525
29,28,21,23335,"5-(081)245-3503","Nicholas Ellis",2.8,526,526
782,50,16,57536,"5-(847)307-8580","Patrick Armstrong",1.4,527,527
876,35,7,104592,"4-(603)400-7445","Thomas Bradley",2.7,528,528
261,39,5,59413,"8-(461)795-0119","Amanda Murphy",4.8,529,529
190,27,15,76845,"2-(691)950-5460","Catherine Gordon",2.2,530,530
561,35,10,67708,"9-(261)056-5307","Jerry Murphy",1.2,531,531
182,43,25,3395,"9-(225)541-7936","Denise Butler",4.8,532,532
528,41,23,35163,"9-(530)206-3948","Emily Parker",4.4,533,533
236,41,20,36693,"2-(859)516-6913","Denise Gordon",1.7,534,534
207,45,10,79100,"3-(190)276-9084","Christina Rodriguez",2.2,535,535
155,30,1,100296,"8-(977)328-5384","Elizabeth Hawkins",4,536,536
358,43,8,13979,"7-(137)309-6460","Jacqueline Rodriguez",3.1,537,537
363,39,13,42624,"3-(078)477-3838","Mary Scott",4.5,538,538
131,37,7,4693,"2-(024)754-8897","Alice Fox",1.9,539,539
206,43,16,75680,"9-(968)432-5830","Deborah Taylor",3.1,540,540
98,50,18,10935,"7-(488)036-8462","Annie Reed",3.8,541,541
702,33,25,90943,"5-(597)743-6294","Jeffrey Mendoza",4.4,542,542
235,40,17,14422,"0-(546)290-7726","Christopher Reynolds",4.5,543,543
392,25,13,95589,"0-(247)713-9722","Linda Larson",1.7,544,544
455,26,5,72284,"3-(017)396-3584","Sandra Clark",2.8,545,545
870,37,1,102671,"0-(683)370-3548","Phyllis Washington",1.4,546,546
803,25,9,3809,"2-(041)233-5927","Daniel West",2.7,547,547
260,50,20,95541,"2-(764)748-2948","Gloria Ray",3.4,548,548
529,29,16,60287,"2-(368)468-3978","Randy Watkins",4.5,549,549
290,32,2,50506,"9-(059)955-9566","Alice Dixon",3.8,550,550
637,50,11,47847,"1-(864)598-9386","Tina Reed",4,551,551
921,38,15,21533,"3-(861)138-6017","Lisa Tucker",1.4,552,552
345,31,3,35041,"0-(024)742-1994","Debra Welch",2,553,553
34,49,21,52973,"2-(456)572-7743","Frank Mcdonald",2.1,554,554
217,42,6,43383,"9-(868)258-9065","Pamela Hall",1.6,555,555
998,30,10,982,"8-(018)578-0558","Earl Griffin",3,556,556
601,36,15,9002,"2-(305)350-3658","Richard Rose",1,557,557
352,41,22,30233,"4-(923)160-5338","Chris Franklin",2.9,558,558
167,41,5,94538,"1-(059)989-7479","Raymond Burton",2.3,559,559
585,40,1,10104,"4-(275)442-7914","Randy Ortiz",2.3,560,560
755,50,19,71742,"6-(584)122-2222","Amy Green",1.4,561,561
10,32,3,78191,"4-(613)349-1524","Virginia Rivera",5,562,562
87,39,25,56493,"0-(504)426-4447","Pamela Chavez",2.2,563,563
152,42,19,53277,"7-(449)037-8649","Mildred Hughes",1.5,564,564
516,31,20,57515,"0-(403)561-4593","Jane Montgomery",3.4,565,565
345,43,5,50529,"1-(323)990-4409","Anthony Richards",4.9,566,566
819,40,7,41900,"2-(646)855-5083","Frances Jenkins",1.7,567,567
681,43,8,12116,"8-(427)738-2557","Lisa Daniels",3.7,568,568
263,30,6,6969,"4-(151)418-8370","Amanda Stephens",4.5,569,569
440,36,20,14082,"3-(568)931-9582","Ryan Bradley",2,570,570
796,37,9,44545,"0-(959)414-5125","Martin Hansen",2.3,571,571
173,44,5,14171,"9-(278)212-0126","Norma Rivera",1.4,572,572
42,25,23,10943,"0-(667)660-3699","Sean Ray",2.9,573,573
497,31,3,5960,"0-(432)563-1459","Lillian Washington",4.6,574,574
168,39,14,93487,"0-(645)849-3765","Diana Morrison",1.8,575,575
431,46,1,38124,"0-(724)346-7789","Rose Mccoy",3.6,576,576
201,33,2,80843,"4-(502)492-0703","Kelly Fowler",1.4,577,577
812,38,15,40334,"0-(585)312-3672","Joshua Ramos",2,578,578
121,42,6,24928,"4-(306)488-5996","Jose Marshall",2.2,579,579
794,26,24,109643,"1-(053)234-8313","Carl Phillips",1.8,580,580
849,39,9,105869,"3-(855)545-1641","Elizabeth Henry",4.3,581,581
503,29,5,69964,"5-(193)385-7408","Roger Fernandez",4.5,582,582
801,31,21,8170,"1-(996)861-0606","Mark Howell",4,583,583
439,41,1,67229,"7-(094)600-7659","Andrew Lynch",3.8,584,584
326,43,23,36042,"6-(300)219-8036","Marilyn Peterson",2.7,585,585
547,45,10,88765,"7-(866)909-5309","Benjamin Weaver",4.5,586,586
114,33,16,88812,"7-(361)794-3716","Anthony Hughes",4,587,587
527,36,19,6444,"7-(018)413-2932","Michael Jordan",1.9,588,588
833,45,1,84218,"8-(691)880-0336","Kathleen Gordon",3,589,589
656,42,7,98854,"4-(570)285-6834","Rachel Davis",4.4,590,590
270,26,17,24058,"5-(613)811-6082","Kathleen Garcia",2.2,591,591
174,29,20,23536,"3-(160)182-7277","Paul Nichols",3.2,592,592
600,44,10,80138,"2-(468)085-6925","Patricia Berry",4.8,593,593
617,33,18,84936,"5-(575)690-6884","Mildred Williams",1.6,594,594
786,26,17,67012,"7-(384)423-0948","Stephanie Bishop",3.8,595,595
85,44,5,104727,"5-(233)353-9179","Marie Hawkins",1.7,596,596
440,26,23,55116,"7-(062)251-1493","Terry Montgomery",3.3,597,597
466,31,9,83025,"8-(071)090-4849","Henry Bell",1,598,598
273,36,14,46032,"1-(852)730-4989","Lois Ward",2.4,599,599
449,31,7,1932,"1-(308)275-7317","Joan Gutierrez",1.6,600,600
593,31,15,80183,"1-(898)584-5753","Jennifer Woods",3.8,601,601
500,46,6,50673,"1-(888)456-3030","Judy Jenkins",1.3,602,602
210,50,10,47823,"2-(434)684-6610","Linda Welch",3,603,603
541,37,11,47923,"1-(709)726-7339","Amy Mcdonald",3.7,604,604
867,34,9,35087,"8-(425)633-8954","William Garrett",3.1,605,605
855,30,5,36660,"8-(692)046-6998","Kathleen Stephens",1.7,606,606
728,46,1,61508,"1-(087)902-4486","Amanda Williamson",3,607,607
336,32,24,27277,"8-(875)684-3965","Tina Powell",3.5,608,608
406,44,20,73249,"8-(773)536-8239","Henry Jones",1.8,609,609
567,38,4,27352,"7-(065)488-0421","Melissa Rogers",2.2,610,610
444,48,6,379,"7-(011)187-2849","Katherine Williams",2.1,611,611
410,34,24,29329,"9-(900)350-9614","Maria Hart",4.5,612,612
923,44,24,54166,"5-(904)709-8551","Henry Larson",3.6,613,613
545,50,9,82064,"6-(010)508-0035","Lois Johnston",2,614,614
956,41,1,56303,"4-(571)768-1413","Michael Wood",2.9,615,615
102,35,21,82322,"1-(935)010-3272","Brenda Olson",3.5,616,616
370,29,11,96664,"0-(223)475-2528","Helen Peterson",3,617,617
363,49,22,19728,"4-(480)203-3209","Richard Hansen",3,618,618
751,40,3,93196,"9-(929)358-7069","Brandon Moore",3.2,619,619
7,30,20,108393,"4-(187)824-5881","Donna Johnson",4.4,620,620
543,47,13,67988,"8-(067)622-6721","Dorothy Williamson",1.9,621,621
212,27,1,92700,"6-(345)984-5663","Bobby Little",1.1,622,622
233,42,21,30482,"3-(794)384-3900","Kelly Stevens",4.9,623,623
75,32,15,98632,"9-(846)808-1622","Willie Mccoy",4.4,624,624
282,44,19,13661,"8-(271)531-4506","Carolyn Coleman",4.9,625,625
403,45,7,77265,"3-(226)978-9792","Eric Coleman",1.1,626,626
1,43,10,74586,"1-(209)966-0523","Alan Hill",4.7,627,627
315,50,9,64133,"2-(165)025-3841","Billy Hawkins",3.7,628,628
836,38,16,94999,"4-(578)931-3354","Maria Harper",2,629,629
281,28,10,88837,"2-(214)190-9731","Rebecca Cox",4.2,630,630
393,32,21,17962,"2-(378)987-0966","Raymond Stevens",2.6,631,631
725,39,8,70316,"8-(184)382-0755","Teresa Morrison",3.4,632,632
774,47,12,8521,"5-(094)630-0445","Paul Patterson",3.7,633,633
919,26,7,60496,"8-(379)390-1853","Jerry Bradley",4.9,634,634
536,49,1,7620,"8-(133)898-7465","Justin Perkins",3.7,635,635
964,36,15,109974,"9-(643)423-1700","Marilyn Hill",4.4,636,636
843,26,16,65397,"3-(956)806-4645","Joan Alexander",2.8,637,637
157,28,20,36271,"1-(031)318-2090","Christine Snyder",5,638,638
409,48,7,75055,"6-(264)423-3195","Christine Cook",4.3,639,639
33,28,22,74623,"2-(993)207-0469","Scott Murphy",3.2,640,640
148,45,23,18219,"0-(508)521-2622","Antonio Gonzalez",2,641,641
243,30,21,71960,"6-(779)596-4333","Teresa King",3.1,642,642
957,44,2,13425,"4-(262)989-0453","Gary Hayes",4.9,643,643
627,29,5,88844,"2-(480)962-0070","Kimberly Perez",2.9,644,644
186,35,21,10709,"6-(488)285-0509","Terry Martinez",4.7,645,645
510,42,8,79073,"7-(486)532-2735","Nicholas Rice",3.7,646,646
874,32,24,60565,"5-(700)371-6363","Evelyn Rogers",4.6,647,647
961,36,23,7109,"4-(805)410-4392","Margaret Parker",2.3,648,648
11,28,21,101867,"3-(591)213-9304","Deborah Mendoza",2.5,649,649
510,30,22,19651,"3-(588)675-7741","Eric Ramos",1.5,650,650
433,40,25,29913,"1-(279)562-2536","Ryan Medina",4,651,651
41,43,13,17927,"8-(242)589-6970","Donald Garrett",1.3,652,652
415,26,24,37249,"6-(100)589-5857","Walter Watkins",1.1,653,653
960,50,3,62015,"9-(517)523-5256","Cheryl Johnson",3.6,654,654
337,44,22,15945,"0-(844)707-7619","Judith Gardner",2,655,655
293,42,4,105036,"1-(715)880-3745","Anthony Owens",2.2,656,656
9,45,11,75486,"6-(024)544-1429","Todd Flores",2.1,657,657
995,38,25,46639,"9-(938)634-4205","John Hudson",4.8,658,658
71,50,19,106077,"7-(895)274-5460","Jacqueline Reynolds",3.6,659,659
43,49,10,19685,"1-(382)198-8300","John Daniels",2.5,660,660
775,25,2,38890,"9-(491)501-3196","Lillian Kim",3.3,661,661
997,38,24,58573,"7-(419)445-1918","Brandon Mills",3.9,662,662
660,32,15,68400,"2-(136)294-8830","Jonathan Wagner",2.5,663,663
834,41,17,46286,"5-(229)236-5595","Diane Wells",1.4,664,664
634,29,11,107048,"1-(598)457-4578","Diane Hudson",2.8,665,665
419,32,9,65107,"2-(849)253-6058","Irene Fuller",2.7,666,666
736,47,7,100344,"5-(843)852-4851","Amanda Powell",2.2,667,667
712,36,4,77343,"9-(372)120-0119","William Willis",3.4,668,668
401,33,19,75521,"2-(244)295-3333","Linda Brooks",1.4,669,669
642,44,4,48371,"3-(721)552-0831","Steve Kelley",4.1,670,670
174,48,3,92857,"0-(841)765-2974","Kevin Nelson",3.6,671,671
200,36,18,104091,"2-(116)597-4127","Anthony Hansen",4.6,672,672
113,47,2,80300,"0-(278)249-4599","Mary Reynolds",2.5,673,673
57,32,21,34746,"8-(315)698-5422","Keith Simpson",4.3,674,674
816,39,21,92441,"4-(193)351-1559","Victor Gonzalez",4.7,675,675
291,35,3,61072,"0-(503)591-6922","Dorothy Simpson",2,676,676
253,35,12,90898,"0-(660)232-7300","Maria Henry",4.8,677,677
936,33,12,35244,"7-(165)522-8176","Rachel Kennedy",1.9,678,678
752,33,13,21883,"5-(291)714-4480","Stephen Baker",3.2,679,679
850,32,14,19027,"6-(577)806-3124","Diana Bryant",1.6,680,680
11,35,1,90468,"1-(136)317-2048","Bonnie Lewis",4.7,681,681
598,28,1,2200,"3-(116)780-2820","Lawrence Welch",3.4,682,682
489,43,22,91062,"9-(014)778-9686","Marilyn Tucker",1.5,683,683
946,44,18,99096,"4-(817)392-3047","Donna Ford",1.9,684,684
428,37,18,29564,"7-(536)104-6900","Donald Graham",3.5,685,685
125,48,21,55390,"3-(845)821-6670","Betty Collins",1.4,686,686
183,44,3,47134,"9-(425)746-3457","Cynthia Kennedy",1.4,687,687
686,32,16,19099,"7-(046)981-6502","Juan Hamilton",3,688,688
928,32,24,62666,"3-(353)284-8073","Patricia Sanders",3.3,689,689
489,36,9,66748,"5-(066)759-4983","Todd Ramos",4.8,690,690
153,32,16,20420,"1-(596)844-2698","Shawn Reed",2.2,691,691
681,47,5,69894,"4-(999)819-6049","Kathryn Hughes",2.7,692,692
27,43,4,66616,"4-(968)274-0885","Mary Stanley",1.4,693,693
73,45,4,23005,"4-(022)086-1397","Lori Peterson",1.2,694,694
240,36,8,101869,"7-(101)771-4318","Janice Brown",2.4,695,695
947,48,9,1318,"2-(620)043-4586","Bonnie Mitchell",4.1,696,696
650,25,11,25309,"4-(291)480-9582","Nancy Stevens",1,697,697
158,49,1,41256,"8-(996)531-3283","Paul Jackson",1.6,698,698
996,50,17,27124,"6-(426)062-5201","Ann Campbell",4.1,699,699
859,31,18,28729,"5-(827)306-7775","Philip George",2.8,700,700
654,29,6,84602,"5-(387)782-6984","Harry Wells",2.8,701,701
627,31,1,7081,"0-(843)184-6603","Doris Walker",1.4,702,702
953,50,20,40307,"9-(349)467-8155","Jose Simpson",3.9,703,703
145,49,15,20110,"3-(401)915-1379","Anthony Barnes",3.2,704,704
523,50,13,42868,"3-(592)756-8752","Juan Patterson",1.6,705,705
677,46,15,30553,"4-(873)430-4035","Paula Hunter",1.1,706,706
442,46,16,106531,"7-(137)903-3866","Elizabeth Carter",2.2,707,707
43,29,14,25509,"7-(664)137-2621","Todd Hamilton",3.3,708,708
426,36,13,46415,"9-(056)197-1435","Patricia Wheeler",2.8,709,709
482,35,13,64923,"8-(983)337-7968","Jesse Griffin",4.8,710,710
553,47,24,23488,"1-(987)626-3822","Albert Chavez",4.4,711,711
26,25,21,105962,"8-(527)599-6480","Patrick Mccoy",3.3,712,712
954,28,6,106708,"0-(276)573-3970","Barbara Green",4.2,713,713
655,42,3,106277,"7-(590)786-7886","Tina Spencer",3.7,714,714
390,37,7,79778,"2-(707)531-3619","Gary Jackson",1.5,715,715
459,34,17,90461,"2-(871)747-7612","Ernest Patterson",5,716,716
918,48,5,44205,"8-(458)900-0136","Cynthia Dixon",4.8,717,717
776,26,7,60568,"5-(836)187-9644","Louise Taylor",2.5,718,718
658,46,23,57735,"8-(013)663-5560","Wayne Myers",1.8,719,719
788,43,18,54996,"8-(119)941-5689","Walter Stone",2.5,720,720
775,44,17,46063,"6-(075)745-2444","Lillian Torres",1.1,721,721
749,27,8,75721,"8-(116)027-6663","Heather Larson",2.9,722,722
871,44,17,24281,"0-(276)510-8114","Bruce Fox",2.1,723,723
175,41,13,109436,"8-(192)837-5121","Timothy Cook",1.3,724,724
884,36,2,49938,"2-(366)122-9776","Jason Ferguson",3.6,725,725
841,35,16,74906,"7-(171)121-1088","Gary Cooper",3.6,726,726
841,41,8,7471,"3-(069)688-3011","Roy Scott",3.7,727,727
375,29,19,66872,"1-(292)837-9289","Antonio Howard",4.9,728,728
265,26,18,8438,"9-(053)818-7413","Fred King",1.9,729,729
43,33,17,8395,"3-(127)735-1239","Sarah Stone",4.6,730,730
424,50,25,106697,"2-(722)119-8553","Benjamin Bowman",2.3,731,731
829,45,10,40321,"4-(309)054-4951","Jose Morales",1.1,732,732
910,36,14,13563,"3-(326)177-4459","Judith Austin",2,733,733
850,32,14,32380,"8-(373)989-4831","Andrew Lawson",1.9,734,734
181,29,11,39779,"6-(107)448-7710","Rachel Murray",2.4,735,735
155,44,22,15704,"4-(000)148-7928","David Marshall",3.3,736,736
179,48,7,36995,"6-(017)377-5847","Craig Hayes",1.2,737,737
861,46,12,49879,"7-(308)528-3824","Justin Hayes",3.3,738,738
625,44,12,84540,"5-(063)393-6496","Joe Harper",4.4,739,739
996,32,3,2051,"7-(736)981-9064","Diana Stone",2,740,740
546,49,19,52971,"2-(386)884-1329","Dorothy Howard",1.1,741,741
567,43,3,31621,"4-(006)439-3017","Kelly Stone",2.1,742,742
65,41,8,99777,"5-(511)152-1915","Howard Ortiz",4.2,743,743
776,38,16,62715,"7-(274)200-9737","Bobby Banks",2,744,744
677,42,21,97156,"5-(455)504-9832","Ernest Lawson",4.2,745,745
413,25,5,105004,"1-(640)951-0418","Laura Gray",4.5,746,746
282,38,22,81803,"5-(378)208-8941","Jeffrey Gonzalez",2.7,747,747
254,26,7,33063,"2-(217)151-8828","Teresa Patterson",3,748,748
165,49,19,94293,"3-(338)321-4790","Theresa Elliott",1.9,749,749
934,45,24,42337,"9-(467)803-5077","Virginia Howard",2.3,750,750
658,33,1,97939,"4-(531)126-3450","Jason King",2.1,751,751
729,30,24,42414,"6-(123)572-6248","Steven Dunn",4.9,752,752
478,45,4,57453,"8-(697)287-1654","Thomas Hill",1.5,753,753
441,43,20,3169,"4-(528)075-8153","Dennis Roberts",4.3,754,754
575,49,14,19126,"3-(014)721-3411","Marilyn Harper",2.9,755,755
73,30,17,49783,"3-(546)863-2293","Patricia Campbell",3.9,756,756
991,25,10,80644,"5-(112)132-5039","Keith Morgan",1.7,757,757
788,44,16,27341,"5-(148)533-3750","Martin Willis",4.7,758,758
297,27,20,21132,"0-(814)078-2765","Kenneth Sims",4.8,759,759
601,50,18,17938,"1-(870)339-1685","Paula Garcia",4.5,760,760
715,28,16,69489,"0-(471)505-5014","Teresa Mcdonald",3.3,761,761
54,39,14,32928,"6-(434)987-9158","Irene Martin",2.7,762,762
977,47,5,94166,"2-(367)419-3708","Robin Reynolds",3,763,763
562,32,17,98875,"4-(551)165-3058","Walter Gutierrez",2.3,764,764
989,29,17,97342,"7-(075)788-7532","Shawn Roberts",4.4,765,765
973,32,14,28250,"9-(223)421-8697","Julia Oliver",2.9,766,766
834,40,16,30529,"5-(492)462-6473","Brian Ray",1.2,767,767
172,28,16,43285,"1-(286)848-5556","Brian Washington",1.1,768,768
317,45,16,63718,"8-(643)360-3843","Terry Howard",1.8,769,769
408,29,14,99198,"8-(996)887-4759","Beverly Holmes",1.6,770,770
654,46,1,24347,"8-(492)618-9578","Gregory Hayes",2.4,771,771
572,49,17,12687,"3-(876)507-1572","James Barnes",2.6,772,772
190,48,17,102191,"4-(911)564-5668","Chris Little",2.7,773,773
733,37,21,4589,"1-(607)075-2956","Raymond Carpenter",4.1,774,774
432,42,7,87829,"7-(824)010-1224","Dennis Peterson",2.6,775,775
491,38,7,56214,"5-(601)243-5948","Chris Garrett",3.9,776,776
505,45,7,91285,"9-(368)053-4775","Amanda Miller",1.8,777,777
318,40,15,53314,"0-(963)058-3314","David Fisher",2.1,778,778
723,37,15,90016,"0-(354)187-9714","Lisa Turner",2.6,779,779
792,40,1,67631,"5-(400)544-9939","Virginia Ray",2.6,780,780
317,28,10,85457,"9-(198)004-4331","Raymond Pierce",1.2,781,781
576,40,19,51436,"1-(195)038-5527","Carlos Brown",2.7,782,782
283,40,15,57198,"9-(243)076-6845","Shirley Johnson",3.1,783,783
258,41,21,21107,"6-(416)710-0362","Jeffrey West",2.8,784,784
253,44,20,77444,"1-(914)088-2987","Anna Lane",2,785,785
902,31,11,90613,"0-(494)431-3496","Joe Warren",2.3,786,786
499,28,11,1876,"5-(160)670-5214","Helen Ramos",3.2,787,787
511,46,17,12894,"8-(234)951-2065","Shirley Green",3.5,788,788
524,37,12,38220,"4-(861)678-4313","Betty Adams",1.3,789,789
141,30,23,98141,"8-(298)774-7418","Teresa Davis",4.6,790,790
956,31,25,85384,"9-(403)530-2926","Angela Crawford",2.1,791,791
1000,37,18,94098,"7-(898)822-3440","Janice Fields",2.9,792,792
882,36,19,17408,"9-(780)539-8919","Johnny Reed",1.4,793,793
370,38,1,86231,"7-(584)461-0846","Shawn Adams",2.6,794,794
855,37,12,70007,"4-(383)776-6656","Joseph Watson",2.2,795,795
768,30,1,25229,"8-(285)756-7263","Harry Wheeler",2.6,796,796
571,49,14,38924,"6-(525)878-8648","Rachel Fernandez",1.8,797,797
172,27,25,50561,"7-(718)681-5954","Gerald Torres",4,798,798
131,48,1,42579,"6-(915)842-9911","Anne Adams",4.3,799,799
592,47,7,77831,"6-(946)699-1214","Timothy Powell",3.3,800,800
208,33,14,71710,"0-(053)415-5711","Andrea Martinez",4.6,801,801
736,36,12,105062,"5-(307)795-9379","Martin Ferguson",3,802,802
703,46,2,6913,"5-(007)533-5685","Anthony Garcia",5,803,803
590,44,9,69276,"9-(204)140-3065","Margaret Montgomery",4,804,804
633,48,6,30539,"4-(212)852-3892","Ruth Williamson",4.5,805,805
409,36,25,6825,"4-(692)708-2909","Nicholas Wheeler",4.3,806,806
547,49,1,95175,"9-(821)447-5224","Linda Matthews",2.5,807,807
209,25,18,96261,"5-(391)378-5846","Jacqueline Carpenter",1.7,808,808
716,49,24,34498,"9-(617)602-9285","Sharon Morgan",3.7,809,809
261,41,12,61882,"8-(906)240-9951","Anne Mason",4,810,810
984,32,25,22678,"2-(085)058-9026","Julie Grant",2.7,811,811
286,38,1,55537,"8-(205)142-6935","Christina Turner",2.2,812,812
815,38,8,59771,"1-(083)328-6859","Dennis Riley",4.1,813,813
760,40,21,70650,"5-(380)718-5800","Tina Hanson",3.8,814,814
691,48,21,30361,"2-(740)038-3920","Shawn Alvarez",1.2,815,815
523,48,25,89436,"9-(496)555-2261","Karen Sanchez",2.9,816,816
434,30,21,12003,"9-(400)288-4431","Mark Medina",4.9,817,817
936,33,20,64312,"3-(387)199-7289","Sharon Fox",3.9,818,818
716,28,18,39363,"4-(894)881-2233","Norma Frazier",2.4,819,819
788,30,18,60410,"4-(249)436-2262","Nancy Hughes",1.2,820,820
420,35,19,11530,"5-(632)421-9517","Nicole Rogers",1.6,821,821
264,26,3,102511,"5-(214)866-4533","Elizabeth Moreno",2.3,822,822
924,33,23,27055,"0-(223)610-2099","Beverly Hicks",4.9,823,823
444,33,15,97299,"2-(103)785-0462","Patricia Baker",1.3,824,824
557,49,10,36643,"8-(862)201-5053","Marilyn Barnes",4.8,825,825
221,26,5,83882,"2-(598)465-7674","Joe Allen",2.7,826,826
976,38,7,36907,"8-(074)488-3375","Patrick Price",3.6,827,827
765,25,6,38600,"6-(539)147-2905","Cynthia Snyder",3.8,828,828
505,42,2,31109,"1-(274)023-3673","Craig Palmer",2.2,829,829
516,36,13,76299,"8-(590)257-6332","Tina Flores",4.3,830,830
960,27,4,26254,"6-(470)202-2674","Kelly Morales",2.6,831,831
24,32,8,103688,"7-(377)164-2272","Lois Martinez",1.5,832,832
527,31,17,36981,"7-(368)694-3260","Jeremy Fowler",3.2,833,833
86,28,8,33781,"4-(253)930-9510","Beverly Franklin",1.9,834,834
574,36,5,38930,"0-(280)426-7830","Sharon Medina",4.6,835,835
448,25,13,4936,"3-(307)234-6366","Cynthia Moore",3.6,836,836
546,37,25,96106,"5-(924)799-8933","Stephanie Gardner",1.3,837,837
926,25,4,58614,"6-(947)211-2095","Ruby Morris",3.3,838,838
346,25,6,76299,"2-(570)785-6872","Andrea Reyes",1.6,839,839
912,49,17,65025,"3-(570)929-0987","Stephen James",3.9,840,840
911,41,7,104004,"4-(246)959-0653","Deborah George",3.8,841,841
142,49,25,48384,"5-(164)615-3571","Carl Wilson",2.8,842,842
971,44,2,106825,"3-(330)722-5117","Wanda Evans",2.5,843,843
703,36,8,13534,"7-(405)841-9165","Thomas Freeman",3.9,844,844
755,47,2,79570,"9-(477)780-7725","Patrick Taylor",4.2,845,845
964,46,14,39227,"2-(724)634-2335","Joshua Owens",1.5,846,846
556,28,7,10031,"4-(925)913-7983","Michael Powell",3.4,847,847
997,39,12,98202,"7-(119)252-8864","Angela Jenkins",2,848,848
85,49,15,33152,"7-(827)404-5445","Sara Jenkins",3.8,849,849
179,43,14,38672,"8-(262)286-1221","Kathryn Cunningham",4,850,850
883,36,7,18049,"8-(280)307-6685","Diana Brown",2.4,851,851
634,31,3,35678,"3-(302)420-4098","Amy Evans",3,852,852
248,26,22,76987,"9-(880)059-6075","Theresa Dixon",2.1,853,853
257,48,3,87127,"7-(740)622-4644","Kathleen Bowman",3.2,854,854
87,32,7,10688,"8-(944)775-3468","Randy Smith",2.7,855,855
201,25,8,38769,"1-(387)798-1014","Todd Hunter",4.9,856,856
861,39,4,38448,"6-(182)743-0874","Christopher Tucker",2.2,857,857
717,43,7,86701,"1-(812)612-8950","Anne Banks",4,858,858
307,37,15,8165,"2-(743)312-4785","Bruce Young",1.6,859,859
135,32,13,6746,"7-(315)654-2699","Judith Chavez",2.1,860,860
649,42,7,83142,"9-(594)849-8409","Wayne Ryan",1.9,861,861
892,28,25,56124,"4-(541)957-9826","Jonathan Andrews",3.1,862,862
578,34,2,59739,"2-(731)910-1833","Steven Nguyen",4.3,863,863
272,41,1,51301,"4-(569)852-4238","Justin Andrews",2.8,864,864
203,38,24,94343,"8-(963)485-0023","Chris Kelly",2.6,865,865
923,46,6,94244,"6-(197)305-2084","Roger Kelley",2.8,866,866
511,45,13,61153,"0-(537)686-9010","Anna Fisher",5,867,867
450,35,1,40260,"4-(021)883-4171","Anna James",2.8,868,868
39,36,17,99074,"2-(278)235-2491","Laura Hanson",1.8,869,869
914,41,16,84764,"7-(056)876-2500","Kelly Wagner",4.5,870,870
621,30,20,28288,"3-(233)170-3794","Joseph Nguyen",2.7,871,871
56,26,25,32192,"1-(537)167-6845","Tina Ford",2.9,872,872
534,43,16,27680,"3-(079)481-6511","Louis Stanley",1.1,873,873
92,27,24,109308,"4-(528)389-8145","Steven Taylor",3.2,874,874
816,33,11,30784,"3-(121)759-4164","James Day",2.6,875,875
760,36,3,93048,"2-(924)911-5179","Harold Morris",3.8,876,876
670,35,9,8135,"0-(224)539-8600","Randy Stephens",3.5,877,877
726,39,22,35241,"3-(783)335-3772","Paula Dixon",2.9,878,878
748,32,5,98878,"3-(858)117-3400","Carolyn Alexander",1.3,879,879
897,25,7,67826,"3-(561)976-5362","Mildred Rose",3.8,880,880
946,36,15,10138,"1-(497)780-3820","Rachel Rodriguez",4.9,881,881
361,35,5,50160,"9-(374)582-7033","Jerry Ferguson",2,882,882
388,30,2,43151,"9-(772)551-7830","Katherine Ford",4.6,883,883
929,47,14,16574,"6-(241)193-9026","Shawn Gray",4,884,884
148,29,6,69814,"7-(692)567-3972","Randy Murray",4.7,885,885
250,35,9,56086,"2-(141)116-7254","Laura Banks",4.7,886,886
808,35,25,93553,"5-(630)072-4866","Annie Garza",3.9,887,887
419,48,4,24061,"7-(817)129-5719","Jean Bowman",2.7,888,888
504,33,18,101496,"4-(485)896-1177","Steven Franklin",3.4,889,889
416,28,25,87705,"5-(142)083-8218","Jason Medina",2.7,890,890
225,27,20,11754,"6-(819)102-3227","Theresa Day",1.8,891,891
165,50,17,4175,"7-(723)048-7023","Marilyn Rodriguez",2.5,892,892
237,35,5,76204,"8-(146)307-4187","Amy Brooks",2.2,893,893
526,50,13,35357,"2-(666)672-5190","Jack Berry",4.4,894,894
788,26,16,9385,"1-(488)926-0400","Virginia Oliver",1.6,895,895
894,45,14,74367,"3-(095)183-4734","Julia Castillo",3.5,896,896
260,46,19,106277,"0-(279)350-5900","Walter Hudson",2.1,897,897
766,40,10,59463,"3-(132)989-2389","Stephen Howard",3.1,898,898
708,42,25,96615,"4-(705)737-3329","Joshua Martin",4.4,899,899
744,39,15,86868,"6-(926)506-7507","Tina Alvarez",4,900,900
671,30,1,56955,"8-(946)904-5846","Denise Cole",4.5,901,901
287,31,13,50324,"6-(314)620-6043","Jane Franklin",4.4,902,902
438,25,20,2528,"4-(691)812-8491","Daniel Daniels",2.2,903,903
92,41,15,85807,"3-(502)431-4249","Clarence Collins",3.4,904,904
743,30,20,108816,"6-(852)613-2853","Charles Cruz",2.5,905,905
710,49,1,42320,"2-(154)979-0459","Ralph Rice",3.5,906,906
970,33,15,12749,"9-(588)862-9728","Beverly Price",2.4,907,907
282,31,9,34394,"5-(352)302-1461","Scott Snyder",3.5,908,908
816,33,8,3504,"5-(459)030-2199","Todd Freeman",3.5,909,909
742,37,5,58720,"3-(669)765-4047","Linda Elliott",3.9,910,910
558,34,24,29596,"5-(948)059-6805","Ryan Evans",2.8,911,911
375,49,20,62368,"7-(081)296-2420","Sara Peterson",1.1,912,912
123,32,18,27021,"6-(681)670-7677","Mary Myers",1.3,913,913
557,50,25,23310,"6-(844)348-6629","Virginia Boyd",3.3,914,914
77,45,23,53237,"4-(957)758-9845","Katherine Garrett",3.8,915,915
616,33,3,90240,"4-(924)955-5360","Ryan Harper",2.9,916,916
310,25,7,78560,"2-(036)124-8758","Randy White",2.9,917,917
844,27,15,15606,"1-(473)179-2605","Alice Stewart",2.5,918,918
326,35,14,102619,"7-(529)038-8894","Todd Payne",1.6,919,919
238,48,4,37740,"7-(014)111-7394","Lisa Alexander",4.8,920,920
376,30,14,65890,"5-(788)062-8773","Howard Fox",4.8,921,921
125,40,9,52966,"0-(375)071-4978","Benjamin Oliver",3.4,922,922
276,45,4,16851,"0-(867)915-2532","Paula Stone",3.4,923,923
158,36,1,84048,"8-(985)868-2320","Brenda Brooks",2.7,924,924
414,32,3,100556,"1-(125)197-0824","Jessica Rice",4.9,925,925
419,38,20,58450,"6-(955)849-3958","Dennis Martin",2.7,926,926
324,34,9,56886,"1-(266)875-8541","David Kelley",4.1,927,927
265,27,14,8471,"9-(625)336-8923","Steve Jordan",1.8,928,928
753,27,11,28758,"7-(192)269-0772","William Arnold",3.5,929,929
499,40,11,51800,"7-(449)851-6431","Jose Hanson",1.5,930,930
459,25,6,51692,"7-(369)064-5991","Nancy Washington",2.1,931,931
991,25,2,29186,"2-(367)777-1564","Roger Medina",4,932,932
566,31,18,31215,"9-(020)813-0735","Mildred Cox",4.4,933,933
592,42,24,109689,"5-(707)239-0366","Louise Lee",1.1,934,934
397,32,7,97279,"3-(415)808-3513","Ronald Perkins",4.2,935,935
224,50,8,17336,"3-(024)793-5021","Janice Simpson",4.5,936,936
943,28,10,61869,"8-(303)406-4521","Lori Clark",2.9,937,937
316,49,23,60484,"3-(336)539-3149","Pamela Alvarez",3.9,938,938
492,30,17,70462,"5-(765)864-1722","Denise Nelson",4.5,939,939
738,34,16,50350,"8-(285)006-3367","Arthur Brooks",1.3,940,940
32,48,23,92669,"3-(071)714-2595","Jesse Day",1.9,941,941
365,38,20,46440,"0-(009)410-8696","Harry Garrett",2.7,942,942
507,28,15,61032,"4-(357)455-0689","Lois Gilbert",1.4,943,943
486,43,13,36069,"2-(716)039-0610","Mary Thompson",4.9,944,944
424,46,24,72580,"1-(035)429-7392","Stephen Hunt",2.8,945,945
502,49,5,99160,"6-(836)920-3705","Phyllis Washington",4.3,946,946
100,32,18,108783,"1-(095)673-9788","Fred Shaw",2.6,947,947
484,38,19,28628,"5-(318)706-2460","Martin Jacobs",3.4,948,948
382,31,5,69748,"1-(296)323-7256","Mark West",1,949,949
858,29,5,37075,"4-(570)066-5234","Amanda Green",2,950,950
274,26,10,81205,"1-(246)230-6391","Julia Flores",3.2,951,951
885,44,5,82064,"3-(743)947-4291","Catherine Dixon",4.5,952,952
15,26,12,107286,"5-(528)475-5063","Sharon Hill",3.9,953,953
780,45,4,56811,"3-(465)349-8917","Joseph Price",2.9,954,954
537,46,19,69644,"1-(935)850-9155","Edward Foster",3.2,955,955
995,27,5,9617,"8-(114)440-5938","Mildred Wheeler",3.9,956,956
61,39,25,92037,"9-(220)526-5992","Barbara Fields",2.7,957,957
333,31,14,41771,"2-(364)769-5638","Brian Allen",2.3,958,958
76,38,6,89277,"0-(500)198-2813","Robert Austin",1.9,959,959
292,47,7,67162,"3-(927)305-0018","Jeremy Hamilton",3.1,960,960
221,31,2,10127,"4-(184)084-8166","Jeffrey Lee",2,961,961
18,46,16,11147,"4-(417)742-4659","Jack Moreno",3.9,962,962
281,50,20,59833,"6-(910)544-0927","Tina Bell",1.7,963,963
753,40,18,69218,"2-(935)405-1166","Virginia Tucker",4.4,964,964
965,47,13,107496,"0-(734)600-6939","Tammy Patterson",2.3,965,965
364,31,11,99671,"1-(360)693-9630","Nancy Mccoy",1.8,966,966
662,35,22,17067,"1-(799)998-6436","Dorothy Harvey",3.3,967,967
666,30,25,76260,"8-(371)271-5122","Roy Reid",4.2,968,968
260,48,12,13987,"8-(368)188-6427","Christina Phillips",1.3,969,969
28,40,8,109244,"6-(803)831-3491","Frances Stewart",4.5,970,970
846,44,22,42933,"2-(643)053-6928","Kathy Willis",1.7,971,971
443,35,10,100388,"4-(385)791-6651","Victor Hernandez",2,972,972
614,27,18,89172,"9-(428)867-4762","Michelle Dunn",3.7,973,973
499,25,10,67881,"0-(882)677-7397","Ruby Moreno",2.5,974,974
47,29,22,104491,"8-(700)296-1015","Steve Austin",4.6,975,975
333,38,13,98156,"6-(674)081-6421","Jonathan Elliott",5,976,976
791,32,13,61748,"0-(162)352-7922","Jessica Hayes",2.5,977,977
357,27,6,60788,"0-(353)573-5433","Benjamin Flores",4.7,978,978
964,26,22,74403,"4-(613)019-9551","Christopher Robertson",2.2,979,979
972,28,20,105176,"3-(292)131-4804","Sandra Lewis",4.2,980,980
497,26,12,54998,"2-(982)581-1049","Martin Reed",3.5,981,981
169,43,1,30233,"2-(085)948-9281","Billy Murray",3.4,982,982
269,32,10,18117,"6-(472)278-0867","Ryan Gomez",3.6,983,983
983,49,19,24055,"6-(976)739-9670","Johnny Ray",2.1,984,984
672,34,5,15368,"8-(577)640-0979","Jeffrey Price",1,985,985
665,31,22,50110,"0-(654)635-5401","Laura Jackson",3.9,986,986
237,36,4,24024,"6-(927)535-9349","Christina Willis",2.2,987,987
577,42,17,79083,"2-(578)799-4940","Anthony Bryant",1.2,988,988
360,42,21,76495,"1-(921)404-3844","Sarah Campbell",3.9,989,989
651,44,23,95638,"5-(141)937-7610","Wanda Reyes",1.5,990,990
123,26,19,85239,"9-(391)543-5237","Carl Sullivan",1.6,991,991
692,31,4,63332,"3-(553)641-3030","Diane Mason",3.4,992,992
878,49,4,73523,"1-(586)624-9199","Paula Adams",4,993,993
100,31,10,64329,"3-(781)137-4713","Virginia Franklin",1.8,994,994
986,29,12,61578,"0-(789)722-6367","Christopher Vasquez",3.2,995,995
379,41,22,47826,"9-(463)122-4351","Sean Watson",1.4,996,996
373,47,21,14718,"6-(662)250-8381","Joshua Ray",4.2,997,997
942,28,13,25040,"8-(555)551-3838","Kathleen Morrison",3.3,998,998
727,38,7,57670,"0-(883)676-8896","Martha Fox",2,999,999
164,35,7,56891,"8-(797)178-2090","Kevin Austin",4,1000,1000
