driverInsuranceId,details
1,fb98bd77-5144-4087-b014-877ccc65a56f
2,4bdedc16-b17e-43c5-9b6b-75cc25e371cd
3,75e8f4ea-d9cd-4b69-b4b8-74124ce4d10a
4,9e190c16-47ef-487c-9d05-472b2521bb45
5,ca36b206-d379-4e9c-8720-df2af5c4d2f4
6,882f9f6d-06c2-4089-9ee1-e93bcbfc0477
7,259d62af-e6a5-4be4-a436-08ac9faa47c3
8,03d3b95a-9ead-4e34-8039-a98c8b5a4ac5
9,ee2a6351-418a-47d2-a35c-f356cf545f72
10,1b054a5d-1cd6-4cfa-9972-ab5e0ebeb38d
11,6f9d969b-7cdb-4f7a-80cd-e5c72f8e2461
12,dbb50f36-9029-492c-af43-2f03544d0f32
13,2c920b87-b370-447b-8228-57deed9dda83
14,23935536-c795-4813-912e-20a66a448f82
15,f097f8f9-aab5-4f1e-b746-152e7a2c1b3d
16,35a3f80d-2ab2-472f-aeef-d7a93f8b754d
17,a8b0fe91-4233-49e2-8e6a-e50d08298eeb
18,4ce31ddd-de00-4ee4-9556-f3fd0aafc7f9
19,e396efca-d020-46d3-ada7-0f8c8cee5573
20,5aa2fa51-a9ae-4afe-9151-ee6c9b08fa04
21,908b7371-486c-4523-9117-a3f6bcbcc624
22,746d3e84-c6f7-4e1e-926d-9446c075f5ea
23,56f85e00-b15f-464e-859f-49a3f09bcb2f
24,cf3e1896-0a1b-4ac4-aad8-320e33382e3c
25,1e784b13-975b-4940-8127-831d50e6e481
26,20a4356c-bb81-46e3-acf7-92b314c5f848
27,5c30aa5f-182c-4ba6-909b-df9a394d81b6
28,39aad244-2a6c-402c-a551-d3e291990202
29,4660753a-3142-41ce-b6a4-85d0587cf8cd
30,bcd7d956-98ab-4119-840e-7c43dbb9a8ba
31,6816a76e-27e8-4b84-aa7a-3343ce32eecc
32,e8b3987e-e97c-44d7-8b36-ce8491ac17d1
33,da6c74a3-697c-4173-9247-038b3f06caa5
34,7fc525da-c2c4-4f7a-b761-2493e6886a81
35,fdb82630-8a65-49c7-bf1e-9e8fa0a75471
36,590facfb-e707-4c15-9e1f-b9b7655a3a5a
37,c809d37f-363d-4d4a-9ba7-c15e94a90a67
38,f547f413-631d-458f-9d4e-d016f84ea584
39,a8a6fccc-bcfe-4b96-b605-c9eb82c18ee5
40,e1af5f22-7941-45bf-8de6-e06506ee7e7b
41,63ca778f-a6e6-4698-a3a7-fc1a8ecc429c
42,a507f059-066b-40f5-ac24-3d1a80d0ae6a
43,a1888ca6-4a37-4b00-8f79-2389751b3a50
44,228df4e2-7cf2-4bd5-b631-7ca145b60a54
45,31e50554-cc19-4d5d-8ca3-350aa5504708
46,f9a5eb9e-1384-454f-8e74-f56c4c230768
47,54d6167c-973f-406a-a4d1-e8fcad4ff1a5
48,f5dd6590-7131-4021-b054-fd76bc8cdd6b
49,a4ff3b70-7490-4613-bc29-d3d09cb16cf9
50,25e46050-c8e1-4b51-9295-e937e58fb38b
51,312e2c7e-e561-4506-80d6-62bcca07294d
52,b8530910-6c76-4ce9-b4b3-6b916cd28dcd
53,b89fc8bf-b153-4e0e-b649-3421737f1f80
54,469e3f90-ba9e-4e1b-9d44-e36501fb0517
55,841f0ef9-3fe8-4296-a188-9855fbce1a31
56,2c55422d-816e-4c12-b5f7-b6e36bc093f3
57,abe0c44b-2101-4951-b0bf-fea4408dc078
58,c6b70f8c-6606-4593-b421-6af5cc6a5f6d
59,e8e88f23-a798-46a9-a5d5-05274d3fd129
60,e8aa7270-299a-4a9a-a5fc-051af156e3f2
61,2f0579dd-c4b2-4e3e-9783-dded787a155a
62,87c84b19-70c3-4005-8b8c-84e59b3320fa
63,9f07b2cd-97bc-404b-a7d1-9a26ad2cbdc2
64,54ac5854-45a6-47c3-a752-6f70feb067bf
65,db559b08-8c74-48f1-b7c8-31159c19b490
66,97a3f148-f9dd-432e-b987-3b6a6352c79d
67,c7ca2aa4-6b2c-4b6a-996d-8b0cacb4bb6c
68,42b60c6f-f1d3-4bf3-9c69-2ee5a2751fea
69,ecfc9e49-9f73-421c-a120-73ad1e59f4ce
70,0e9f424e-e0da-42d0-a7c2-af8b972b5599
71,9a92fcab-bf3a-40ab-8a7b-27a0ac075406
72,2a006822-c650-4d0e-9b0c-85256bc5158b
73,143cd295-f2af-4103-a2f0-e69ec17f7663
74,c40338a6-006f-4fd9-ba1e-016de24cfe17
75,07f68176-b2c9-4903-b3b8-957c54b44832
76,1f77deac-6a30-440d-b170-5b3d7f1aabfc
77,464aeac4-8462-4200-8a03-4616dfa45183
78,3b29b914-bed1-4429-a9c2-92b5361d32b6
79,33d202a5-7522-4186-9206-19416d18a14f
80,85dde989-a14e-46b3-9eb5-5c6bd4945e51
81,414796ca-aa6c-495c-b2c8-9f6690798984
82,41f9351f-f646-46b1-812b-4d3912f612a4
83,96d894a4-66f4-4291-8a76-3a57077ec704
84,1f6d7765-fecc-463b-a6fb-61b5100485be
85,31848935-c9a0-4c31-99d5-32383b2c4201
86,a99eaf8e-220b-4607-b5ab-5cc2019acdc8
87,c44174be-766a-4317-8a1d-090f1f05f4ba
88,4bff5929-863a-4df1-877c-88f0075970c1
89,cc089b20-bb72-4e4f-bba1-274a5a6f8bf5
90,802c49b6-97e3-4ef3-adaa-213680fee67d
91,bfcfdff4-d7da-45e1-9ab4-b85eb8e67202
92,aad47175-4b44-4f90-99e1-b0b1904c8490
93,9860cf7f-0758-4189-8b47-5765135a304f
94,820c9464-8ea6-45f0-8016-ac1176388f42
95,b8244fe1-e79a-41fd-819c-b671ee2b9d17
96,2f76f081-552c-4640-9373-8d7b06ca2a9d
97,eff45f21-4dd3-4deb-b432-2b50c1a0ad28
98,2e88b827-3e3a-4528-b27f-f9b942fbdcce
99,5cfce4ad-6693-433e-945e-5b02ef16bd42
100,fc13e993-a3b1-4eb2-92ad-afc2188ea1d1
101,6ed9fc66-3692-44f1-b354-d08a64410d10
102,c5a51088-7f0d-4732-8af1-5495f96c88e8
103,0c636b38-69dc-4dac-84c1-21181ba08331
104,6690fc68-41f7-4121-a7f9-e3e75ad548ea
105,559028c1-2b72-4461-af71-7b72db9f41cc
106,f5f88edd-ab70-435b-8823-5f12c9fb0bd7
107,d5ab5137-dd01-4a32-816f-8e7f6643fbdf
108,d4bd4feb-5701-4120-92bb-19ef50af9f46
109,1a5eb21a-9095-49d3-950a-aa2287e160c5
110,2a3c4ffe-420d-44e7-9a46-bcda88397202
111,25935c41-1420-4814-a2c7-a7b3cf676d1e
112,048092be-6b5e-4ae4-a8ac-740044851681
113,b4cace41-50aa-4967-ace0-adb41c6c77b2
114,b5f899ab-978e-4f7d-9410-1294a7a8de8e
115,8610e8d4-5946-4c9b-8ad1-ad21e73d2e7f
116,372ed793-fdc3-4cbe-841d-7cacea791dfc
117,ef8f45e6-81ce-4a20-a02e-a839c95f63a8
118,bc967ac5-2f23-4ad5-8d53-dd5ef8de78ce
119,e24a1756-d71a-4a9b-89c8-10b6171ff597
120,d4aa7a2c-0058-413f-bcd4-09ab0dd11624
121,d92f5f08-ce82-40c4-8468-36e79e51ffb8
122,a0035d25-8a57-4ee2-bf2b-acc0ab17d734
123,6c57ad0e-1efe-46ab-8b5a-a323780e0a04
124,50fb7e80-717a-4c18-b9dd-e875fa0aed71
125,b964c801-39f6-4609-9f2f-f11ac242d770
126,9ec388c2-eb0e-4ce0-8c94-8c356876a4c9
127,fbe577e4-d34c-4580-adc4-778b5ffc2bb9
128,9d12af94-4771-4bc3-bd49-2a3d549132e1
129,3a9db469-5a62-45ee-813a-f3bca38b75ab
130,6fa86e1d-cf2c-431f-a7e0-3264974ef514
131,6b51ed02-f68a-4cb6-9330-e3b38d1559df
132,50a53f06-bccc-4a2f-a12c-6e9b9c1f6d69
133,fce3f246-522f-4a0b-a115-18a76241988b
134,8834fa10-7fc3-4b60-bd4f-9934258327b6
135,f1607a81-2155-4e5e-908e-d5895943084c
136,0ca03c82-ee4e-43d9-b204-30a8ba19f130
137,416461a7-2cd4-4cf0-b461-8db6a5722ad9
138,36c8ac84-ee3c-4e88-a2ac-f6a26debc78b
139,6a604846-5ebe-4c82-9d6d-c84a7eb541a1
140,0995f074-d3d7-4a9e-85ab-94d6d4e70a75
141,611b4f26-c5cb-43b0-bf4c-c83597d51ba6
142,3837c8df-ec11-40ee-b8f7-922d24576751
143,6bbbecef-fc31-4abd-b414-c6712a23cdfe
144,6fbe4c8f-b055-4fbc-aa8d-5d4bc5b62436
145,9990e15d-43ed-4eec-95cb-26086cc96653
146,c747d057-8371-4239-85b1-388974304e8f
147,1469f6d9-acbe-4b1a-80f2-04fc0bbce434
148,22500906-6933-4f04-89da-44d5853df7ae
149,68c6e8f5-047f-42e7-a8ad-0a866ac5cbc1
150,3daada2e-7f33-4c28-8fd5-88e710c90d1c
151,2e6b2da9-05d9-40e0-900b-3ab000cce53c
152,46020aac-2d53-4a86-aa12-79115d496423
153,8d230261-03e3-4a3c-882b-df04ac0df37c
154,6d1cdfb0-370b-4ad9-b3d2-6c11c5f0a5cf
155,61b6c94c-8ac0-4ed8-992e-36da27202d1b
156,e344b536-8189-4da3-ba9a-0a2af5e5e6b9
157,3e789c70-48cf-4064-ab96-456c438e2da5
158,df4558dd-3841-4dda-ba17-115fe1b23f5d
159,dd266a81-a0c7-45f5-a221-006784fbaacb
160,aaec09b9-d83d-4d2f-9dee-ab6e71f9db73
161,b34d783d-d87d-4aec-aa57-e65237962811
162,6960384f-7538-4ae9-84dc-68d8cb16f0a5
163,6cad5acf-0431-4b27-8d17-9d0e1071217f
164,84bcdbae-1a53-4595-a242-c6aa6a95e270
165,74c87565-0dd0-4545-b275-376be30c6bad
166,9cebf6bf-de9f-4831-96f7-f5f3dd5c6220
167,5719ff32-fd15-4dd0-8566-6a0380ec7232
168,20e585ed-c002-423c-8708-927b6d7894fc
169,9ac016d8-ba63-4db1-b396-134d4ce05733
170,fa4c08a4-4fce-4c39-a363-3e1caeb1db55
171,f43cd816-d8a3-459b-9f84-36b26dfbeff2
172,6f7aed0c-9a14-4e48-be27-642301347d75
173,31377efc-99c2-4700-bc3e-a86b670bb762
174,db797007-f517-467e-886b-7977b36f0f8c
175,151b7c2b-08d4-4c54-a214-23f9f9593b21
176,ab915fdd-2aa4-47dc-a633-f9b94dfef738
177,73559ae8-bf15-4d04-83df-ac02349e9257
178,26e15a16-b9f0-4693-8789-58eab45ec358
179,18922e10-d309-4aec-8497-b0a743aec783
180,074c1575-b6d3-45d3-95a9-9a2f4f2db803
181,46bab412-affb-4880-a8fe-18e34383208e
182,4bfb2d31-094d-4398-8dfb-0f719d16f051
183,710c9424-cde1-487f-a819-da9f12fc7fbe
184,c11d5bdd-8c2f-465c-8e02-7ed727b2b61b
185,807dcfdb-cacb-4bcf-847c-81b26d3def98
186,eb750b48-0f28-4897-a2fb-e54f8eb7b9ec
187,8992a83e-94dd-4547-9804-9d978ca6a3d2
188,b2980bc5-19cf-4a90-94a2-c89581864586
189,d00eaace-8017-4b95-8e17-743d981959df
190,ae35a040-c9fe-4484-8d55-ed9ddb5628d1
191,e8290431-2347-4ad5-b246-de0f9a17f2c9
192,9bd8d88e-03e6-4fcb-9935-e02c75c1572b
193,7015ef70-9c07-4422-8c75-d5b0e686c31d
194,ee9d4c81-8e62-496f-8c01-1a482ae9e1c8
195,ccc9bec2-e48f-4a8b-95b2-4dd0a1e980dd
196,1eb22520-978b-49e4-9a4c-ad37e06fbc66
197,a3fb7c58-23dd-491a-ba39-6e202c23e6f5
198,4c2002f1-f876-4d7f-ade0-6e575a8118e8
199,29938170-1ae5-49ca-9d5e-8790931eafe9
200,3d1a1447-1ade-4be3-8db6-0e56fafffff1
201,8e89d380-3966-40c2-9e12-9f84ddde1e0a
202,5aa5f3f0-8942-4819-95a1-9884fe4ba4d2
203,f49b54e9-696c-4231-94db-59f3d21bbfe5
204,94713acc-e5e1-46e5-b3e3-02a82b75ea7c
205,417a042c-605e-4517-867b-1974471a8bf0
206,fe9d4ef4-69e7-4961-8104-4977779ae793
207,d7b97bc6-b706-498c-a6f9-1b39efa0dd0f
208,db37f608-f61a-4279-8980-3cbd1daf60f3
209,8ed2cc75-ffb3-46bf-a764-dc2b31b590c8
210,289b9907-9097-438f-bcdc-f7697ea2931c
211,2a9836be-a4fd-42c8-9870-900abc0af8a0
212,1d2d84e7-dd3a-48e8-a2af-8b1ae0359d80
213,487b11ac-0096-4cf1-b88a-e5d692c472e7
214,b40e3657-5d5e-4719-bae2-574b452b6948
215,44854091-0200-4ff8-a2b4-47c72bdd74f7
216,298299e4-91fd-421e-8911-eb958de759b2
217,ee6f1826-95ea-47e0-a028-4bc6610ccb7d
218,9cf25e0b-ff07-46a4-8aef-49c519c372d8
219,d6520291-ab3c-4a27-81ba-d6cde9b4b3dd
220,5848e605-1285-4dce-83b2-e01df8f7315f
221,fcdd43ad-fc45-41e3-b362-89a845d39bd1
222,a9cdab1b-4517-46ed-bf94-879ffef8bd27
223,2d8308d2-28ee-4f04-be3a-2cf19cb13117
224,0436752d-d750-4994-8236-ae1e44f820e7
225,ca64299e-a0aa-428a-a613-59540db4f85f
226,46ead49a-ef0a-46d4-b1b0-9d7480ea809d
227,0d654cbd-8d4f-45b8-ad9f-5722bf533805
228,8c9db203-02f0-477d-a7ab-b53d2ad31fac
229,e78097cd-bbb5-4d79-829d-fa36068fc492
230,cbc22a7d-527c-4636-a3f4-e512e3caba09
231,2a2d7b9e-ce1d-4e68-b0d7-e8d58645e25b
232,b57262fe-69d2-45b9-a8d8-0dfc98a96915
233,dbf1a15a-dbab-40bb-82e1-46150e78d96b
234,b91bbd76-25f6-4432-9a93-0a6116b54e0f
235,89fbfdc6-2d0a-4843-bc48-880eb9e5ba7d
236,d7d6c63d-b0a5-4d24-bde2-301562c26e13
237,f6a5d364-70ef-4fd1-9c63-2b577f4463cc
238,832df04d-deae-4c0c-a7f7-caac014f9a14
239,93cc0777-243b-4551-b3ed-b4e365c4178f
240,844517a8-d50b-45e3-b8da-7a38ec338cf5
241,9d03daaa-de80-4057-90c4-eddd295c1224
242,0eebd80a-6037-4f7a-b22b-02d3101b7007
243,564dd50a-bc63-4466-b569-035f3a9e4f5c
244,8c5181aa-de4f-4eb5-9c46-c913f979f31b
245,de356216-21e1-44c3-8042-99fe8d4a2893
246,9cbca450-42e7-43c2-9dd4-4987b5cdbfde
247,06c8a1f3-c186-444a-98e2-6d8fa7c007ad
248,341a2e89-82c7-4aa1-8d42-9cb14aa962b7
249,c268f823-9d7e-4222-a6d7-829be0540360
250,63778a25-a047-4035-adfe-20f0d4b5a961
251,b444fe33-c28a-4194-a2fb-3b1867fd5d4a
252,ad9fd7b9-59ad-4240-9c01-70e0af2d1123
253,2ea18abe-0cce-4aa7-bf7c-10d2f71e23d8
254,6986718b-392b-4171-a1bc-31c2767f1830
255,c5e63cca-5045-462a-8233-5efd263f76db
256,9db73a4f-7331-45d4-b1ba-80ce94d0ab3d
257,eb022364-0fcf-47d9-ae79-1f71595da60f
258,789bd698-59b9-4b9d-8497-f6209de01aab
259,081704c1-e1f9-4d83-a805-bb037e90b748
260,34e81957-89f0-4e65-9a0f-73ed92460d9e
261,fd4da9c2-f5c4-48ce-9fbc-811d2ab9e5de
262,c3dacb8c-bbe2-487e-b6a8-1031fe1513d9
263,e15c6217-b79b-4601-ba4e-1cb786ca303a
264,e6321a00-aa86-4e06-9f1b-7c261f68eaea
265,1ad8cf68-bf9c-4279-b240-e9c56ab46211
266,44fb7668-0a86-4007-b6dd-0cf79a9d5477
267,52cc50fd-a8ee-4ba5-b1d0-627c700a63fd
268,ecb1a7b4-282e-4f97-aeaa-1755349c32c7
269,68911d5d-6e94-418c-8f93-81475caae825
270,2a3eeb74-314d-40c7-a324-764b81bbb180
271,b1c8032c-a9b6-440a-af4e-65d89edbed82
272,a5f2acb5-50fc-4127-b663-a80814f5553b
273,390a22c1-06e2-487b-a33b-5988d2c46514
274,e324417d-4ed1-47b7-ab74-f5b003dc79ea
275,a4861f38-fd18-49fd-9a53-3a4b06193342
276,0c693469-03a7-4e00-8477-c06ba4dc603f
277,04541ada-a269-4b8e-8e2b-835cdacf9e16
278,02f65bf6-2fde-478e-bbbe-1661626311ca
279,c8d60dd2-826a-4567-a13a-f8120ee2b7ca
280,37cf6433-4903-491f-9659-c59543128caa
281,3bf6f057-3c28-4549-aa73-7c2527b96e85
282,440b26c9-496d-48f4-b500-b13bdfac573e
283,7ce00a01-8a29-4141-a16b-e7200ce067ba
284,48fc9f54-1ae3-46c8-a44d-d3a23d28ef23
285,f28d5ccb-f222-433d-aeb0-7c32e2dd524d
286,651c64c8-2532-461e-8b39-b8d491a0cfd8
287,413212c1-fb75-422d-b8c9-458605e5df63
288,118ad042-14ef-40ea-938f-7b8474e42de7
289,6b334b43-0707-4d64-88c7-c5304f903735
290,407fa20a-78b9-48b0-9852-850184873e5a
291,5b327b17-9e2b-47be-9e46-22dd1b1a905f
292,2bf331f5-7d89-442f-b8af-8f8362bc9993
293,99c306ee-adcb-4667-b13c-b005d5ac3124
294,2b99c814-e882-48e7-9e29-7079a66f41a9
295,0549e32a-4a5a-4ba0-923d-a57ca4bde2c4
296,5079803a-f167-498e-a969-070a735d4ed1
297,ea524ca9-2a5b-4e7e-a38f-894480ee2edd
298,6e3036bd-58dc-46ae-8384-f09749482e52
299,f4b62f2e-6d29-4c57-9890-9d3c4d71c1d9
300,4e572dfb-5e43-4c5a-9073-ad04bc289beb
301,7c27545b-2319-4d6e-bea5-34f3431f9f9a
302,11466823-c85a-4558-a433-92c7feee06be
303,3a64873e-4f44-4343-8a9a-be85ef1b1a1a
304,5ccadf0f-7650-4c23-804a-b676dfbc7fde
305,268acbfe-1966-41af-8f49-1eae19182f47
306,b7c0cd56-5292-4146-b071-d29103520fad
307,f6e9bc5b-8787-4543-ae6d-62147da2a3b5
308,0ae2808c-c588-45f1-98a0-955f5c8378b2
309,faae20ae-5629-4e5b-8889-5c1e279beea3
310,cc6d181b-0ebe-4a7c-bac7-19b90c5d0f3f
311,2a851191-d1a7-4eb8-a269-f43a2c1a0415
312,8a65c4ce-12e6-4e66-9098-f781d66d91d0
313,5e9c0c47-3fa8-4d7d-bd15-f198e3621bd1
314,b03c70cd-8039-4b25-a93c-6df5ebad5367
315,fa79e8d2-0f45-4da3-9d91-f29e63267501
316,20f298c5-0f75-49a5-9180-9680c07d784b
317,6b2f3d32-1b84-4faa-98af-33441d6a2890
318,b39ccf2b-d13a-47d5-a227-a421d2a4f98c
319,0199f3da-c466-4122-8558-66e3da91753a
320,a26cf58d-369e-4d4f-a3d7-0f53b2440012
321,f5e892a2-e8ca-429d-ac0a-9ef0c377725c
322,56d2a412-3154-45ee-bbdd-26693b81d798
323,cbe65ed8-f808-43a8-9df0-cd370615568b
324,b1f71ed1-81f6-4206-85ab-a73e157bc322
325,6ae35e6e-42f2-47f8-8c87-c8b33847d08d
326,021dd189-8e73-48a1-b204-ce6a701c0115
327,9905dca1-ba02-41f8-9d43-b0bcedf09639
328,50d3ad9b-5c06-485f-a473-fa5f763ad748
329,40cba176-cbbb-497e-ab30-0c2925af99db
330,adda7c3e-e0bc-4491-81c3-3f289fb611bb
331,f4de2bd6-d482-4776-9808-1000f5794b14
332,c8094658-035f-4997-a93f-07a44134a00e
333,21404a8a-781b-4f78-871d-623a89fbb7e8
334,534d95cb-1bb6-489c-806a-482fcb25877f
335,7c724b79-bfda-4c9a-bb9e-56a24cb6c988
336,05537216-34df-4734-851b-0f827f0e1fad
337,2bc3bbd9-b949-4c90-984a-93ab04d0c434
338,37de42ef-9f2f-45b8-bac0-2936eda94ca5
339,ea6a0802-78f0-4f70-b947-c373f610d528
340,98d03d49-8c04-484e-b50e-fa80834b1b2a
341,ed98202c-326e-43dc-9046-841258487a58
342,76d65b87-fb71-41cf-b143-0c00d6ed54cd
343,c20bdc09-98e9-4043-941f-ce116071816f
344,45bad4c4-e1ee-4e81-8cab-5748705ffcf5
345,cfb6d33c-acac-446c-ad44-2349a0eedda2
346,f7e886d9-3b9e-4bed-a67c-dc0dad02df12
347,85da07a2-d69e-4f98-99be-875455c40ac3
348,a96a68b0-f31e-4de5-8a60-f5b71887efcd
349,db4ea973-229e-4a54-9714-c3886f0def73
350,56bd5d92-0e3e-4ece-9567-415f2c01e4a6
351,3d19e9b0-22c7-4fb7-aec2-122b816fb4b0
352,a74c1985-eba2-4e0c-8e50-f76dc0306547
353,24fee4b7-9931-4bce-9849-aa3b56fc754c
354,997f2bf6-65f0-438b-bbf7-4b84656ca347
355,6579cb8e-cba6-4aca-b212-6433b1a06666
356,847b6e28-7220-47ad-8ffc-5c4f64d559ed
357,4a7828a1-4f91-48bd-a483-9ed6fc249316
358,72e519dc-ba1f-4cf5-ad91-e9034631ba82
359,e93bb610-06d5-4037-83ab-5b685b38d985
360,3c78e24d-5c75-4463-9a62-75777857b282
361,d71da084-6b2f-48cb-aed9-8b2febea0125
362,abea16f2-8644-4d17-9d20-dfbe6953686a
363,1bcfaa24-e690-4fd9-bb37-1043f091e0b3
364,cd0fb6ce-34cc-453e-b0e4-b538ad719db9
365,cd02d71f-8ca7-4129-afe8-86a851a9b0db
366,ce36432d-2e40-4250-b30d-fb0ac2031305
367,0267d344-52ce-4d56-8685-d45911dbf192
368,53208040-d19e-4f57-bb9c-59a00c2894a2
369,fd456d62-7020-41b3-b267-92ac95f2e734
370,132d98df-87de-425c-be0d-2227259d9757
371,ac9bda04-d581-4822-92db-b50ef53ebbc4
372,52891361-7b4d-4df8-aaa5-622936956507
373,355ac078-7bbc-4d54-aeb1-a9fdd60d0c84
374,da29cd68-07a4-4937-b8f9-bf7955bda1de
375,af715385-9346-4a86-9082-9d9dcdf1e846
376,c3413793-d751-4303-8429-98599255800e
377,fbcbf8e1-4efa-43d2-9a1d-3ab1f865ceae
378,3662ec17-e632-4692-b867-d6522de97962
379,98d249ae-6903-4c6a-a8d0-cc0d1732b0bf
380,b5a07484-7f00-4053-bfe2-df375ca027d5
381,b392a153-8689-4b2a-8c2c-77c148269af4
382,88376732-ec77-42aa-8f7d-86d2f019e0f5
383,35c78125-41c8-4b2f-8ef1-8bbdde1bca42
384,bff262d8-286f-4c27-9ac4-584fad6ed36f
385,58f3e315-088a-41cc-892a-f81b8a138ad5
386,69daee05-6822-4a8a-b760-a49725e02acc
387,9c31bae5-d3fe-49ec-8ebf-c91a43dfe49f
388,169ef8e5-f16b-4422-bf81-02f2ee10a38d
389,c5e427c5-a88c-4d57-9a3a-ee3ef0c697c9
390,a430e27f-e933-49c9-bb1f-8b5a0818db1e
391,76380cfa-9b5f-466f-9bf0-b89e9938771d
392,9aaff90e-2380-42c7-82eb-0fb20e2de949
393,52d4ed3a-3b4a-4793-b0e1-0f14a140a5e7
394,5222df56-ce41-42b7-a00c-041d53b6d7bb
395,80459be3-b904-4623-9c85-9d3195848ad2
396,ed300f85-e46f-48d6-b425-a255c2aa0467
397,fb9d8718-b5fa-4138-96a0-bc5b094775d7
398,08a2c4a5-c989-47e3-863d-a4da3058f229
399,763ba10c-065b-4567-9008-cbf78c919841
400,f8f37423-6c94-4445-abb2-768d2fd8088c
401,d89b842c-9cb9-4437-a508-1a6de7931d40
402,49b3a66f-9e5b-40dd-b8e3-2e58576fe726
403,58ed489b-580e-4c7b-9231-692a53c7bf8c
404,ca9a9680-5910-4e90-aafe-dff635d5b0e8
405,00077054-f113-453e-b809-c90f8a485e1b
406,e1cedb3d-6d5e-4585-aef2-e9ba3584cd55
407,e77e5f5c-05ea-49a5-97fb-c5bfe1cb0016
408,9cf215c7-8eec-4aca-8a18-0619be52009d
409,9cd8167b-123a-4cd8-815b-32b2a896c862
410,ea237057-1373-4143-850c-c02f9c36062a
411,f9b69073-7d6b-46e4-9d33-edcc98148115
412,1879bdc4-45bf-4e89-bb4b-22d2940f5ff6
413,1d4ee8d4-1a6a-408d-84da-51eac682ac38
414,67b479c5-5938-4adf-849d-91ffe63d2575
415,8d0a6319-7ef6-4848-a631-26f3803aa487
416,a484bc25-1fa8-4783-a698-f73d8771f34b
417,b33de8e8-c02b-4b2d-8963-5c7dc7b91b10
418,2b8095dc-6e8d-47a7-9d0f-0bb8bb3d3df6
419,46dc35b8-ea28-4b30-a96c-39275919fc34
420,a1f8e91b-ef52-4d1e-8b94-77d4a7691ddd
421,804a138e-0903-4b04-b4c5-bb5bbd541b0c
422,60009009-3123-478a-9e71-440eded44d66
423,13db5a74-3f8f-46e5-9cfb-bea6f0a59813
424,46048f08-bd19-42a3-9e98-65b545d7ad4c
425,bd798589-f815-4979-aa86-44dae7acab13
426,be0811ce-f46e-45f1-b2ff-c8e1501d1370
427,2fed352c-1c8a-4b99-8a0f-253ffd5f439d
428,d050e1c4-9364-4b54-9efd-ab8e9ae2a336
429,079dd9f3-b7cc-43eb-bd2b-4778b4a8811f
430,5ecd2617-1831-496f-8f1f-f1073f77e550
431,b36de0cf-a27d-48bc-835c-f15febc3be4f
432,32f41867-47f3-4ec6-8c5a-9e9e86b01d70
433,660eca74-756d-47be-a5ac-e28c8163191f
434,88de96a4-6e19-464b-985d-1396e349d39f
435,afcf2c2a-92e7-4b33-93e6-777ced4cc576
436,9390b39d-78af-402e-b745-a662572c49a1
437,648815f9-bce1-47fe-bd4f-7373f4c6495c
438,6a6dec86-ce01-4347-b0df-1cae154953d8
439,b44ec557-f17b-4575-a19c-2f039f7916a4
440,7b33feb5-b082-49f8-ab9b-4c61c4fc9936
441,baba2987-8b16-404a-9797-7b2d20cfab4a
442,3732f29c-62bd-4f18-ada4-57ec2b3b25c6
443,203d2d43-f2dc-433d-b3aa-eceaad164155
444,80164e82-7267-40a1-a8da-574907bf39ea
445,8a06cb71-3776-44bc-9e6f-2aff0e338f83
446,517f5de9-7372-4e75-9293-234b46ce6d19
447,58073375-eacd-420c-be8f-d9795003eb47
448,9c597817-bce8-40ba-86ce-133794bc923f
449,4c9696f9-23fb-4993-97c4-7d37d1de836a
450,fb97fd13-8847-40f1-884b-ce131632f72f
451,e03e825a-53e4-4e04-8cb9-c3a2666383a7
452,dc959428-8b5d-4426-8987-e80688c600ca
453,01be78a7-c749-4f87-97a0-a9983c710ee0
454,d01f7164-0ef7-4970-a71b-4d71dbdd6be9
455,38ac1514-2ab1-4d8f-9468-1ea39848313e
456,3abece85-aa85-48c2-bfdf-12b83f8a10f3
457,b4ffcf96-5b25-4a8c-8ebe-e95b4ff52d77
458,008cdcea-cf13-4b60-bf01-a5651ef343d4
459,0fcba3ef-2a37-4094-a804-8fbcbf5d244f
460,33355e41-a6fc-4938-b78f-16f484550178
461,493c2f53-1307-4ab6-8bd5-1e5a0d365657
462,b4711a03-ec9c-4fb1-bb33-53ba5d0dd8a8
463,ec082bb7-3476-49db-a801-29bdc1666ce8
464,cfbc5d5c-8090-4173-9478-e2bf80df7f34
465,55fc9648-b6c6-473a-91ac-c143c81dca4a
466,692c45f2-21e9-4a2c-9c4e-c0d87814f2c7
467,41e2e5c7-6ce0-4af4-900b-6154e4e04d65
468,84235bbf-4ed4-48ee-b14d-66fe450718ae
469,7ddd0614-8a3e-4399-9788-e4a76952a1fe
470,8c4b0f1e-3655-4870-ab56-a365644981c9
471,51bb94af-0bef-4e91-b370-b4c01e847ed0
472,380f6303-fc5f-4630-ac51-a6d4ca00c1b9
473,39186d84-2a9b-4449-9cc9-dec7817b53dc
474,9196c67f-0e3e-4113-9f8f-beb831c13698
475,44892a49-238f-4df1-85bf-b2123a22045e
476,10b40899-3313-4d06-a113-4278b68287b0
477,aa562364-08cb-43d5-9ec4-3c8a03929aeb
478,f5d8efb2-12c0-41f5-8495-7541b46fed2d
479,afc08a20-caff-4a03-92e7-e00ac6ca2df1
480,0d1a9348-2c29-4ad9-8f1d-0188bc548e24
481,13a7a23b-6df8-48f9-9d79-954865a05fa7
482,86c9bbe5-a3e6-48ea-a452-10c251964923
483,d8eefe0c-71d5-400d-904e-123488807ff5
484,8618478b-a651-4e2c-9aea-b834db0fec65
485,bae2d2ad-c081-4aa5-993d-687380ce2bb3
486,a01be195-5f2a-44e7-99a7-51436d9e6e73
487,06798e0c-106f-44ca-b965-c0273fdf371b
488,fa7c86b9-6d4b-413c-9f21-2830196ce720
489,4356163b-0527-4fea-ae9e-5b9562950834
490,0bc9d409-d1ae-44cb-80e0-87338ea89eb7
491,11b01de4-de5e-42ab-afe8-570cdc68e7fe
492,72811bb1-dfe2-4bc7-a823-ce0fefdae999
493,4cc8402d-fc12-4dc7-9095-2015815a4adb
494,12a40420-5a5a-449d-b0c5-d92dbe66a987
495,91352104-4c51-448a-a5e1-97bf3380f96e
496,122f126a-f996-4fd0-be5a-cb5597c7ce09
497,1e4636f5-30d1-49a3-98fe-0843d4b010bd
498,22db3f6a-1bdd-4ac0-b866-b9040708b73f
499,32ad6e04-c398-46fe-afef-9cc8ff2da208
500,1ce6d7e3-3a89-494c-bb0a-474ed296ab81
501,7d617a0b-9a81-4c7c-946d-46bfa49a5762
502,8df29ccc-23ba-4497-a8b7-9666e9a39081
503,47b82c94-88ea-497a-aac0-d1085ed83411
504,9f45cf3d-73f6-4b97-9c73-e7f74592944a
505,162f2978-2fca-463a-938b-a0c6da145cd7
506,ccb44778-93da-43be-a536-e7ede559d2cd
507,64e1bff8-4d22-4631-99fd-62f637d3529c
508,c08eb411-b214-4bf7-9365-f025fea74737
509,2d26c337-fe8e-4f09-ae54-d834cf623372
510,86474e53-359d-40e0-af61-3532f1afe8db
511,9b08e33a-1d40-47ae-8c4e-b2bf146bb6e7
512,a57dc3f7-0a69-4e6c-9e6b-523d88ee9c15
513,642e7da0-cc22-4564-92fb-f59f9c06f911
514,fd6451fc-cc1c-4dca-accd-e8f20d503fff
515,61487d64-befa-44b3-b1e3-8d3619a2d13d
516,4051442c-3028-41a9-91a5-00b2860a1f49
517,9d9f231a-8912-4d05-b36a-0e45038be1d9
518,421ed6fc-c961-423e-a8c6-adb6185e0042
519,e62763e2-d03d-4c43-9960-b77252344b23
520,53ef4cf6-bc24-403d-ba40-882c32e227ac
521,48231fa9-446a-4753-9efa-982d4820361f
522,a306b75c-af36-4179-bd40-9cdd126e3518
523,75ab8ada-79c2-42f4-aeaa-adc3d8ec2a55
524,04689d22-8a5e-4799-97f3-9f3668ac3799
525,db4fc860-a4f6-4e2e-8e76-4346f6bb9c44
526,124fe258-d56f-4309-a44e-18ef04a4a72d
527,f8441c7b-eb01-4018-9de7-7e9fa965dafc
528,cceec591-3ed9-4bde-b6c8-e0285a5dfbc6
529,531d6b18-0476-4fc3-b6f2-f7d0b543975f
530,f637b858-7b98-4310-b11e-e60374b7b883
531,9306b92f-05ac-4a62-a1f1-145d5bb067fc
532,97399456-a167-4c08-b33d-6c5df4523d6a
533,a53a4062-65e6-4852-8865-26641c475978
534,d9ab2046-85bc-4640-bac7-31108c30ef84
535,9bf6723c-e561-4389-9301-cd6c770bbb5b
536,9173995f-a376-48f7-a448-eb59a8aa8c5f
537,47c3f24c-ee26-45f8-9b0f-7df03239b8ce
538,bceb4ef7-bcb7-4667-a571-40385b190db1
539,1c4d2a6a-c129-4408-8fae-30729ee6225c
540,93ef54ee-94f8-4f85-af25-9ef3c526f784
541,c21b1604-f4bb-45ca-8f6d-bad41257acf7
542,6f5a5cd7-6e55-431d-baba-638d1dd441f7
543,10f6aa2b-c5d7-4deb-affd-21804f113ea7
544,26456976-f12b-4873-8ade-7f7cd85fb233
545,442525e2-1fa1-4042-b994-8d9976b7c1e7
546,8c198a1a-4c68-4f2a-b11b-850688c9b537
547,53d19cca-3740-49af-8d12-65c452ea022b
548,866ef85d-6c9d-46b2-b10b-844d8cd1fbb8
549,28350c59-72b4-4e8a-b047-843a9824c33c
550,11eba978-e55f-4e52-9886-127ef77a5dad
551,ce98d190-31e1-4026-befe-cb0f19dbfe0a
552,10dd23db-9dc3-4163-96ad-071b92ce141b
553,9efe4e34-86fe-45aa-813b-743c8faa5eec
554,ff312eca-45e8-4955-89d7-317614301a9b
555,14d4f3ea-ff0a-4689-887e-2a42044a795e
556,3d46fd58-efa0-4d95-bf47-b98c42ac67aa
557,6902a55f-4971-4f03-9d38-843dcd01bf4d
558,3caf64b8-e177-4739-b0b4-f99540ac0e4e
559,f73f8672-6f6d-4e9f-86f6-7719b3bce636
560,78a6924e-8817-4fa9-8a1c-d2c127ca3a9c
561,c2da9469-5841-454d-b5b0-400a53e0bf8f
562,c80a84e3-d008-4790-85a5-35cbc7e59c0a
563,a9bf9761-29ca-400b-a607-a276f4796c2c
564,7f22e269-7e17-464d-9e75-5338242b733e
565,28c54cc8-ae98-40cf-b05a-01c49155936e
566,823f723a-2ee2-4ac7-a4a3-f619fd5e1cc8
567,e345281a-0d87-4406-8e57-b2be63eb1945
568,9d2e3bf9-032d-4a30-afe2-0b4d977964b4
569,36b2c15d-e436-4de8-8f07-ce0a6b4a43ac
570,f2825054-9e76-47db-b67f-85aeed4793e9
571,a9e918db-f4b7-44b4-9e6f-7836d7a75fa5
572,2bfa217d-6fdb-4c44-b631-bd6e88435691
573,1ef00f8e-ae1c-4211-a7a3-102759660bdb
574,6e4d6cc1-8741-4acc-ac03-0701e94b278c
575,aae826a5-2fe7-405b-a564-8cb86d6b784a
576,322c73bf-7954-4e98-8a80-f573439def1e
577,e15f0f84-29b4-4e94-b9a8-f5b41af4a7c4
578,69486d07-9003-4932-a85d-8a036de1712d
579,73cd99ce-ef37-4398-8222-687a68f2cee4
580,6584ee0f-9424-46eb-ab65-3d9c06d9176d
581,9d7cc265-7107-4842-a225-557b503d8390
582,34c28032-abc7-48f8-a947-dc66c6e3ca22
583,5d70dd96-bdc7-4e5a-b949-4d1d5b78a650
584,9f6ce0b8-67f9-4cb7-9bd2-fb3b36c30bd2
585,a7e291b1-aac9-4aa1-86a1-cbe8441f6d46
586,afe1f9dc-6d5b-4aeb-a5e5-1e219ac7a065
587,952e8741-a79b-45ba-8ebb-c94e813009ab
588,2060f65d-335e-427e-822c-2e742078e5d3
589,c15b73bd-910b-4140-be74-47dc61b4ccdf
590,6146203f-9871-469b-8a3f-a40ca4299fe7
591,cf8d0560-2178-4b23-9f96-b80dfe71d472
592,8f533c2c-45a4-4864-8ebe-e5e51713d775
593,46fe5965-9162-49f1-ad8f-992a07e66964
594,c1f41817-8ffc-4120-bfe5-07db0801eca5
595,8e2a67f8-7a79-42b0-9edd-4f59c753a10e
596,7b24874c-3594-44c3-94e8-de126662df22
597,65334a09-a081-4e1f-8d8d-9bc54fefe65d
598,d0e72a0d-db19-4b14-a924-a163c5038cea
599,c73a6ab6-6aa0-4bcc-a7ca-d2f447da22a6
600,e23b5480-8233-40a4-9186-fc6c1a6ef179
601,8bf5243e-1992-42e9-8e4a-5e155706184f
602,a84bf688-bf21-42ee-9994-f059a7357a2d
603,8d751f77-b80b-4f57-a67a-e4ea7050e064
604,ea84051f-ceec-4253-afa7-20d3c6115722
605,7dc857e1-22b2-4973-a524-67ec7938bcf4
606,2a7ea57d-0dd4-401a-bd52-ea4e80fc8d32
607,9b818872-3c13-4116-84da-efd168f7efe2
608,a7e0ed6c-e8b0-4135-995a-587a1df39371
609,2fe3e3b5-2622-4aa3-b01f-22b2bb30a71d
610,0475bd0b-802f-4515-ad0f-f9cb93ad22fe
611,8baca773-b533-4bdc-86bd-91475ce788c1
612,f97c59f0-0fb5-48e9-8716-b51067e11ea1
613,3c05b337-9700-4c91-8fbd-486cf6bcb58c
614,e3fe19c6-fa70-412c-95dd-17c16a4dfb52
615,a6018a80-d114-41c5-af52-908657580b0a
616,1152588a-30ec-4b03-955a-dd63e41b0d22
617,31b62091-0c50-4428-ba04-0b8b395d1f8b
618,153bdc27-8c0f-4b1d-9180-afce5c5ffba8
619,25db6c2b-681b-40a9-82b7-4e7d0522fef8
620,021853e4-f291-4196-86c7-f981c5c4c61c
621,1090090b-fc95-48c9-b554-5226daa30054
622,1edc8c53-b80b-41cc-99a8-555b163368e5
623,99fe153d-074d-4caf-9712-29e7eb714766
624,2c2358c3-a1f7-43fa-83ae-70d2053ea6cf
625,9ffcdcd7-5edb-412f-a565-276c9b30c1ae
626,fcaf39be-9955-46b1-a732-c4442210246a
627,ecee8fff-abe6-4494-a805-c75efc50049f
628,61c11e26-5033-4227-b914-d3ffa4d4e4c1
629,38624b59-b8ce-4320-ba3b-def8d83a170e
630,b0310066-598d-461c-89b9-2be02128246c
631,b595447e-3a18-4600-ab19-5caedbbf4904
632,e73e5556-33a1-4618-a510-75496e68c734
633,df5abd4e-72e6-4581-b43a-68e1bd9bd08f
634,b25fc671-82e6-4441-935e-d3c9f692e876
635,c1f9437d-d81f-47e5-a0bf-8fc11e137144
636,ef62b81a-8781-4da9-a99a-ae5aa1908853
637,214cdb71-c5e3-41d4-a955-104dc88dca12
638,7f9721d9-288e-45b5-8618-90080e197830
639,dbb2ef7e-70ea-4c21-b70f-824d99ab6c58
640,7ea5e4ef-96f4-4d7a-906a-0ed4e40a13d4
641,34e85ad3-5ba3-4c0c-a558-d8d61b3f1b70
642,b75c7384-8892-452f-9202-12967b81ce55
643,f063b063-9a33-4ec6-9d95-36969b1539eb
644,2c3700ef-b0e4-4e68-8f59-240a7d1f3d7e
645,b7d3b78e-fa52-4066-8675-757aafc60e49
646,a6d4d492-4d7f-4fff-a0bc-edb39c022371
647,6f2b386b-fa00-4209-9759-5e55c998802f
648,13c7ea60-d94a-4be9-b1b9-4c7cc43ea427
649,197ef049-65e9-470e-bb4f-29b6ea91fa60
650,7e1a7a33-aec7-4484-9efd-3bdcb8864ae4
651,09c916f0-21b1-4ab5-b59f-489fe7c1c813
652,9b2b9366-873f-4582-9a6a-8b12acffea0d
653,7a8536d6-7c1f-4669-9bd7-a1ca7b658322
654,cf1486da-374f-483a-9977-10cc092be5dd
655,cb560eae-38f6-47ad-ac71-37b67679fd16
656,20c95367-8e07-475b-bf06-71306e14b097
657,f15798e0-c530-4bcf-8256-9c8a167e7a87
658,96d0d4fc-336d-4dca-a726-2c6ba5a99a13
659,7421f5dd-a07a-405b-a19a-89efbda6389d
660,bfc51baf-7522-4262-bbec-11d2b2e5c86a
661,1f74641e-28a4-4b8a-9855-c2069cf9e495
662,ad2a4932-0cd2-45f4-884e-4efec38c2772
663,8bd38c58-c8ae-4737-b874-b16262de17fe
664,d6940c62-9dc5-404d-a3fe-c47899c9b4cd
665,4cb20f86-e030-423f-bcd1-91f00af1b552
666,bc94d0ab-a57f-4004-a22e-b4f486466747
667,ed13852a-0668-435f-bb0d-fb471671d4a3
668,df4b7503-8cf1-453d-b7d6-7400b8ae4d7e
669,14fbb21f-6121-4d24-b1d8-23480ad97c04
670,3e132621-aca3-47ca-9964-21234a4874c9
671,a389b08c-5f54-4f6b-b679-d99ca8185947
672,544e62af-e355-425e-be1b-c8ef39026c49
673,9d4875ba-311c-4dee-8cec-02dd6578d1f1
674,354b0049-cbb3-40a4-8f4d-65be5dc41a49
675,794511db-4d56-4cc7-ac1b-32b4c9aaed4c
676,fd7c3192-51ff-4a7f-ad50-d77702cd7ded
677,1cbcdc0f-7811-403b-9493-994926d99a50
678,1de860a6-c5f2-4ec5-9958-498ad6fc91a4
679,2f6578e1-fffa-43c9-9069-3b521ebf8f28
680,93a6bd1e-e885-4145-a96b-4bbc29f777e7
681,dbb208ca-16b9-429d-8b9d-332bc9768fcc
682,3f6ebf48-2047-4688-be40-c7d5f450c3b3
683,91fdff9b-7236-4620-88a7-7418ae621aa2
684,20b4d62f-afd5-4512-a5ce-bb1281d6ade8
685,93da9567-e200-4377-b12b-5cf4d015b50d
686,b63b169f-ee8d-414b-9682-11aa5be176ec
687,3e5c4ffc-a167-4bcf-90cd-54319fa2b967
688,4851e266-de12-4819-8ef4-0fb7d4d9e911
689,41517fed-7001-4290-a913-126c28b4846a
690,28e38c4d-7b3d-424c-a62e-faaea6decf3d
691,3b78470b-76e5-4014-ba06-7a0a79367eaf
692,3f1da7ec-52d7-4a17-aec0-5a6e60d03abd
693,09e3ec70-5a80-4ce1-a363-e3d7e4c59ceb
694,7093cb7d-6ff8-42d8-a25b-a3f244462cff
695,00be0edb-b3fe-41c2-a624-9dae93749956
696,0bcf766a-efb0-451a-a06d-cdcd023dda91
697,aa1bd318-2fad-4ca2-bd01-64e9adce68fd
698,c8c76caf-cd28-41d4-948e-f0f1fe6e45fe
699,36ac5e59-9945-4cd5-89b9-ce2750801f60
700,001ccf2c-a28c-4ebe-b2b5-c76c5dab0f73
701,26dfc6e1-0a04-478b-96d6-c205da18d222
702,27c52785-c7c0-41b6-b930-e06003618e81
703,7404ba96-e92b-4739-abc2-aec5b1d4ba49
704,430b2593-0394-47d2-aa3a-7592be05132b
705,c359e89d-4b21-4e87-a048-0e2378ec55dc
706,70e45376-c701-4ffd-ae67-ea46ff585536
707,b46b2cbc-83fe-422d-b8c4-ab2816ed8540
708,c304314e-9fe4-4e1b-9616-3d36ced4bb3c
709,076163f9-54d0-47e2-89e3-0e8bbeafbc4f
710,38b71378-7556-46e8-b133-3a0014539c6e
711,53931e2b-aa03-4c50-a683-dc045a2f3c53
712,dcb541d4-0168-49f5-9ac1-abf4b6e81edb
713,44755a66-bf4e-4742-82a2-feda651fbd73
714,175dfd86-29ba-4f56-a05d-0528f5753f47
715,24736aec-2b23-42c7-9d39-171fd253a1a8
716,8c6c9783-6247-4d3d-a3af-648e740315ad
717,14d8dd65-3490-41fb-ab92-061863fb1d68
718,66472d64-a030-4f26-ac52-dfee7d754bf6
719,b3a481b3-0cf6-4a10-818d-2d66822e5ab7
720,c04b3e87-b0ad-4990-b663-f0846b7df1ee
721,d20cc1f2-df05-4f31-93fb-e119478c2f8c
722,17ccba0a-319b-4f52-aeb1-71e24e37dce9
723,336be621-6811-4082-b7cd-e4618e41a9a8
724,ff9b2dca-3d41-4158-b226-84f458220256
725,3e57b22f-0358-4dca-9ed4-66cba72e13c3
726,19af4519-23e2-4862-9e5a-03fc4ff07a07
727,873e2ab1-d18b-44be-8116-c4aa08ab6de0
728,5600e927-a73b-4d3e-9103-77efb204cbae
729,d01b6508-2269-4362-9176-dd6f7a2420cb
730,6c44b6b8-897f-4dc1-a962-b7039922d3b4
731,31798c62-17f7-499b-b046-660c7eef5380
732,d5c24f76-8801-4c05-9760-bc9b5930a2c6
733,b2a11d1e-1d21-4cd8-922e-9ec3cb10e9b5
734,30479481-dd62-4a7b-8d07-83b25cefa1fe
735,bda44e51-47e9-4ddd-81e5-8821d928f5c8
736,699ad261-7b92-4bcd-a550-d6970d7e7126
737,a6835ea6-efd7-4c6c-8f43-7e3271841b9d
738,6cdd5512-44ef-4d7f-b02e-03b2243a9a78
739,de56f84c-cae0-46ba-9a88-ae867d3c468e
740,619e4574-0ce6-4166-8769-6e3f5d4db328
741,69b0d40c-8cac-482c-a17e-1a4bc9f83dd0
742,d51de20e-c450-4928-a360-020e9c7fbdd7
743,e1f9c940-a7b2-4b9a-ac7a-fbe08bfb8ec3
744,b016e03d-5342-45e2-a4b6-e9e5d159c26d
745,beeaddb9-1cd8-4c9a-b25d-a12f82e647f8
746,1cdcab7f-62e1-424a-a0ef-a681e0136416
747,eeb1d2d6-1f00-4977-9c2d-63e9cae0a4a5
748,66145c6d-b503-47e2-9f51-e1fd3d33f597
749,f7a696ca-31ab-41f9-9dc4-706154d479f5
750,f889b317-079f-4bf5-9160-2f339cf6e4ab
751,b5e2fd88-1f2c-48fb-b440-dff37b5daa5a
752,d977024b-9aa8-4637-9832-07d5e9a13e0c
753,bdebe119-8120-453a-a069-6eb7a761fca8
754,e22d97a5-4521-410e-a56b-a3a94f8e2b09
755,246ccfa3-39b9-4a6d-84f3-1b85d90d9e3e
756,22e55817-f82a-4a32-ab9b-a3a78ce6e51a
757,d0855443-d4b2-4b97-b04a-9f06c01739a8
758,1ecde506-9822-4c2b-9746-f31e430e3707
759,e4d4e7de-5b4c-4d12-b72a-def655833807
760,9703e169-89d9-46f3-8156-424aae1922f5
761,d0e05526-071f-4535-bcd2-e6ca376df635
762,1e28deed-f3f7-4de7-9c4e-42ed0d04865e
763,a597e6a0-009b-4130-bcb7-6eee2680b7ad
764,9e194129-207a-4ede-8f5a-398c8506dacf
765,2f079ebc-e805-46ea-be8a-410cadecbe8e
766,935f7caf-8df1-49c4-90c5-470497dd3a8c
767,c0513600-78da-43b3-acae-5f95751ce34b
768,09eab78c-1d0c-4fc4-9de3-0b903b85e1bb
769,89c760a3-3c6d-4e71-bef2-64a54cd3986a
770,45e07cb4-d54a-428c-a704-882a25c00b88
771,6a6641e5-5950-496b-afd5-31781fa67669
772,f468150e-6f21-421f-a42f-985a702af045
773,4ca4eb3a-1206-4062-90d1-dadade8774d9
774,bd8a5f68-5a4a-40f6-933a-88337b0b9643
775,01464938-6ca6-4572-9152-4094017c3de5
776,22255de5-981f-46e4-ae62-273e5f8dfaf3
777,e6ae4b2d-3b4a-440f-80a0-5a44a7f42d3c
778,5aaa5933-c361-4213-a3db-e52a70f9d51d
779,ff3845b1-c4d8-40e1-b9bd-97f3d66bf27e
780,6fbabcf1-8583-41ca-a62a-54110bd6c7f1
781,94020565-b855-42a9-802e-a73fb13bfbf3
782,b92b7533-271c-4e12-b000-3b3bd86e692c
783,cbcf8693-d9c3-4326-ac77-79d8e29ddb62
784,7503e5f6-c721-4b6a-80d7-67f40fce9b37
785,6ef1072e-76b2-4128-93b0-ca745fa1e2fb
786,c28bd960-9e6b-4219-811b-2e8d276ee31a
787,7ac3efee-3b1f-4941-9c91-0dc0b263aba0
788,66de0ef5-bd4d-47f7-84b8-398c4f7bebdb
789,81d427dc-913b-4442-82a4-a716ade19c4b
790,6f58af8b-cdd3-469f-b4ca-bf02b2d66768
791,b5221f90-1c69-48e5-ae1e-a30039bfc0f4
792,acdbe11d-f9c2-4c12-9a8b-e567d0e7cd3f
793,974b0367-dc1d-4378-8e15-0df845e0c7cb
794,21f8dda3-bc9d-4dd4-a447-84f7f40ade16
795,f6aa91ca-2c88-4e61-b210-996f4b175225
796,e256d248-d88f-48b4-84cc-b18d1ddf42b7
797,1eff3f07-c58b-44bf-ac28-b5d020aa8171
798,36932107-e4f1-4f3b-9314-383c782a6426
799,ecd20cc4-8c08-4f4f-ac93-9ed08d7a5779
800,5c72ae0e-2347-4447-b1d2-0a5b073d70e3
801,d7c5ec4a-e987-451d-9686-3030ebcfdf54
802,5f9c772a-67ec-4477-8ae9-5a250ca83740
803,04855c76-9a8c-4a53-b709-afd1d675a028
804,09cc284a-f696-46a2-9313-788f55700131
805,d3c8f4f0-d09c-4bd7-b242-d5c87f522735
806,33f0a81e-1cf4-4453-b53a-02cf0c88f3c2
807,ac4dc992-d5c9-4ea8-80a4-f21f7e79d61b
808,3e519ebf-1786-4d01-b755-3829d84233d5
809,10017916-d25c-423b-ac55-01284508f249
810,6cfd7207-22c9-4f81-9425-c3bb6cd5c0ee
811,dd4b5a1d-36a5-43c4-870e-0d47ea30de12
812,f7c322fe-9ba3-43db-bbac-f05425418bee
813,8e3860af-6de5-4892-8f88-462639bcc918
814,319ed571-8f54-43c6-ae2c-d82c30f12364
815,4c5b0d07-e608-4d86-a30f-157f869fed46
816,b1a306ef-9d63-489c-b79f-258cb8fbb383
817,1f800809-4042-4e7a-a08d-3a2b4b4843b9
818,f1bf0c63-f174-4a80-9da0-b546315d492a
819,4a2596b9-fa69-46d3-9627-bfa075f25349
820,9cfdbbe9-8e07-439d-9f58-fa2e6023437e
821,1a27fcf6-ecb4-4abe-bc9d-b5d55f6fc82e
822,3c3129bc-b813-42cd-b5b0-87533b4bf237
823,83bbe949-b394-4c08-8076-88d0a1f650ef
824,dcb3ac5d-6778-419c-8faa-e5c0a42e88bf
825,b576db32-4958-4795-8d2c-c48e8f2b58ff
826,9e9ef18c-a46d-4a78-b5b6-a939ed296e3b
827,6fcffe8f-cfd2-4eaa-a2bf-a0a30d907591
828,f696864d-ef93-4bd3-a1bb-e905300b2e8d
829,3fe756a8-bb8a-4e8c-bc54-8643eb7d3537
830,a8679a1f-89be-4d2b-9838-f480bd601836
831,0f2be2f1-1ea1-4ad1-a51b-f874ea5867bc
832,54eee2f7-ef3d-4705-8bc9-b470d718b9d7
833,33ce3f67-9c76-4d95-a842-31f241ffd04e
834,5bf87d65-e826-4112-889c-a42843031a6e
835,08c1bceb-f336-4a29-833d-de019ee3d7f5
836,cdabac77-532f-4a62-a9d5-b8dc01250a84
837,1e846241-ec8f-4361-b48f-a4217a05d579
838,e3e3ef65-070f-4808-8837-271df1bcfd18
839,0d81b343-e35d-49d9-b022-95977e506d02
840,4b836cb8-d1fa-4304-9164-538910e43ee2
841,79c275c9-3ef8-4985-9cf2-0ec50f8b8d97
842,8e3ff2e5-251b-44c5-9cf0-5df8be7249f7
843,6f56ce3a-cd1b-44b2-8de1-ec8cb8231c80
844,9d2e1953-7db1-4265-aea9-3ad0244789df
845,fc189be5-b1a1-40b1-8518-47d05b174470
846,8bf9c78a-10ba-4b5d-9a23-d87f1d99d645
847,b74cacb0-2e9b-4be7-beff-d65b5103e9a3
848,76b555fb-69b3-498e-89d5-7d27828319d3
849,9ef36da8-6833-4f9d-91de-763a95c83b43
850,110f872a-2d91-45fd-a7b9-b5b34276349f
851,654c4d37-4a22-44ba-bfb2-df87cf37038a
852,522e2995-26e5-4a65-9066-60331bcb230a
853,48c0d1b6-15cd-4921-8b8f-1a857ff5bead
854,e6df0d63-ec4a-4b9d-9acf-3f2b09999ade
855,7e457fc6-5167-4fd7-a4d7-03479b3682fa
856,e4728d96-e204-4e8d-bf47-4f0841d0435d
857,6d410bd1-5f0c-44df-b0f4-fab5a7bbe0e5
858,c6666a90-bb23-456c-9aff-08ff749ae11e
859,814ead09-8f0f-4492-bccb-bf4b29c6f280
860,4888f9a4-1cea-4b3f-bb08-c2720f0c4cc4
861,e0b5ded6-132e-48c6-b8c6-74224d6785a3
862,2d652e1b-36fa-4d99-b985-bed35f8104a6
863,a3a62823-dd25-4573-a99b-fa0c5e047bcd
864,8ead2a0e-80c5-4168-9653-56da12874e56
865,84e8625e-28f0-4262-acdb-49672948c45b
866,5bd6ac0f-5df8-4413-bff2-90f0060521cb
867,78ff6169-c4d8-47b3-bd07-f8ca55f17dfa
868,5e37ee95-e723-4c32-a2ed-651eb2e0254a
869,2a47a476-cbdc-440a-bbab-6028f850fa08
870,21aa7929-ac2e-46de-bf4a-04c3f3f92d4f
871,65124799-59c9-4ece-b837-abf0c6c24bea
872,0025047e-d7e1-4fb2-a5e7-ff5e6e162887
873,df6e89fb-fdd9-4f20-b9a2-c00896723e17
874,40b845fb-ff9b-48e4-b158-423949d45b23
875,e0f7fdfd-3076-4493-9dd6-17803fc05ac5
876,365a3029-f6c1-49e5-8c57-9817a6fa5db0
877,f422298f-15f9-41ae-82ab-58b073d64c5d
878,b7dd7f80-75ee-41be-82ce-0bd4670d22d6
879,eb1b8c19-9958-468c-907c-08316feb8378
880,79052f5b-ec98-453d-9951-a2c91a2c3f98
881,dfad79a8-e930-49f7-bd55-f4438986107c
882,d2264f1b-dd0d-45dd-bec2-0be2087da9fb
883,5b0f076f-1a62-400c-ae69-830ca6229aa1
884,1fa04073-d8d1-4798-9d5a-d2772a590be4
885,01f2ff34-be0c-409d-81db-92f7c325bbdf
886,0848ec8a-4da9-4267-bb88-617c515013fe
887,c7da273c-3160-4348-bb05-7109a1955408
888,0b8a191b-f301-4847-9798-f87205541f03
889,05555da1-06cc-402e-9b49-b3da868ce99e
890,425344d2-c914-4340-873c-e23e1079607b
891,cf3b676d-b9eb-4d72-9ced-8127d06b5644
892,7f0574c3-cbd6-4058-8ffe-36a8d915b864
893,a3ffc0a6-f2e7-4545-b76a-4574675c214c
894,11a62b38-7e3e-45d7-98ae-a9e1befe2bf1
895,bf5016ed-edd0-4d09-a045-4719b61a0171
896,0e85c6b1-c1ea-45f4-a50b-a3b8d04446cd
897,87cf98c8-9ebd-43e7-ade6-e2a1ba80a496
898,a8d294a5-21a7-4a97-be07-52ce8e509f37
899,2f5533e3-257e-40b9-a7ae-cac8b2af67f2
900,ca121ad7-7391-4403-a712-7c8e54dccf03
901,e7283548-c186-4329-8e7c-8917a3ddc977
902,06b80443-64df-40ed-991b-58dcfbf71667
903,55631092-cdec-49f5-aaba-5ba7dafc411e
904,47f8595e-d083-44ed-ba28-c6e11728230b
905,d422aa38-82ef-4ee7-88fa-62a60dbfdd71
906,2064ac91-007e-4e7b-9679-cda0cc09e9e9
907,5111d21c-1e4a-4a3f-bb63-ad01551a5d3d
908,edaddf92-6c82-4b09-a874-c4f22ee44e5b
909,205501c0-e090-40b1-acb5-115730227f27
910,76dccb0e-7d74-4176-a4ef-5a57cb7a1f8c
911,793d0690-c397-4cf1-8186-1dd051aa49ad
912,e46235a2-f202-408e-afa1-2dab0885099f
913,810634cb-42de-43a3-8fca-846d006a817c
914,870144d1-c6d4-403f-a2d7-5d75eed9f9cb
915,979e60dc-c300-4492-8ebf-dc515ddeca99
916,cd8777c6-ef43-422c-91ed-206896d4e60f
917,d569d08a-36da-4ff7-a383-1fe63281d2f0
918,82a067ea-4ae0-4b28-a0e6-c331ba1ea9c6
919,b8706ae2-2681-4c1c-9f2f-5c39d672e3fe
920,cf3a6056-0638-493b-a00b-1f55f025418b
921,a24125fd-cb9a-4624-83a2-56698cc30dd2
922,e955c409-72e7-4e73-a883-f3e4316f79fd
923,650b29be-c488-4d97-b6b8-19fcafc611ce
924,fc251326-13a5-4b47-b37d-66ccda07330c
925,9d7c2ea8-82b1-4fc5-810b-20571eb23be5
926,1e982bf8-cfd8-4cc4-859e-baae9b0a40d0
927,f697ac07-bf27-4acc-9ec5-f2de610a6b0f
928,846849b9-4e8e-453c-be04-250b294078e8
929,e54428b3-ecd0-4eed-a4e2-40081d804572
930,37050f08-b2da-4d70-80db-b039073e49e0
931,363e0e8d-2d9c-4cb6-bfd1-ca6daa9b707b
932,bf1f5076-63c5-43f9-9e45-6fb9dd8769f8
933,dbc2bd96-c560-46c3-bffa-4b3bdd53a52b
934,b3fd838d-14d0-4751-ab76-6885781bc124
935,06238a68-92ef-4ed4-9ca9-2efbc071a089
936,d840a550-2fcb-4e40-a2e6-4a54b69bf3de
937,72694267-0e4e-41a1-86ce-022f01926eac
938,6ca7c733-39d8-450c-95ba-be1e1f9d0282
939,01109462-d422-442e-8bc6-6e66940f6a37
940,40339170-39c0-4021-98d6-684aff0363bd
941,fe1c87c5-cd6d-4b8c-9364-2ae869d7dbe1
942,29916950-ad00-4ad1-a164-697f40cb7f0c
943,e013d962-f806-4695-a644-7899b0e84289
944,72cc8bf3-ba04-47c0-b321-8a71a833cbc9
945,739132da-f514-44f1-82ea-fe7503f6d102
946,8427d074-73f5-4218-a44c-15fc75918875
947,491bf180-62af-4d61-877d-bcb3b2ecc74a
948,bcbce042-ba87-45d8-ae37-1fae79e7bcbf
949,4e181b0d-e500-4f07-bc0e-636b375a7979
950,915da10a-b57b-4377-a0a7-a322a552ebf2
951,0d48cc43-9792-4a8d-a2c3-f557b72e5b20
952,f2c9f1d4-9489-4b87-8776-689d072948bf
953,4b9ef852-bbaf-4c07-8984-ef19154dd4de
954,cd4cf3dc-ee77-4d73-9036-4cd49905f3d1
955,51fbad42-c9ca-4553-b6ef-77d75a894319
956,adf26508-1d87-4c5e-950c-2b4204ac6496
957,1a844e2d-26bb-4e80-ba5b-c10b3a5fb3df
958,1a9bef1c-1442-481f-b518-efe2b0dedcd3
959,e72a4426-af38-4071-b1a2-736b0fd41ba2
960,8e0bf2d2-0ab1-4965-a7ac-3b99ed0a386d
961,585d79e9-ac2c-497b-9675-5fd014fcfc19
962,62820d0b-71e1-4824-8df0-e725a955b516
963,5996a5f2-2957-46f3-ab3b-cdadc2fe6a37
964,be4abd16-7146-4ce6-9e15-b67c4720cdf7
965,baa40982-8e91-479d-8bd3-fc1ef907582f
966,504b3c0f-5d40-44e8-af91-b965a3db2be2
967,70075942-f0d1-44fd-82e4-e2db94798ab9
968,f0ccd849-8e60-41bc-9b4f-b3a3e24afbbe
969,aa973682-7199-4fa1-9e8c-91d3519c4a13
970,f37e96a3-6644-4d91-aba4-f108b333bcc8
971,9fbfc0d3-9615-40da-a21a-3e70ddb68611
972,02b3fdf2-3735-4103-b1ab-dd80c4d7c3cd
973,20dca16d-5759-4a34-b834-29994cc1d7dc
974,5e5ef50e-2df0-4ebb-9a76-1e6f315d3371
975,e6787b14-2164-4b6e-b721-ce10e2cccfc2
976,931bd4ca-a79d-40e0-9095-b723827baed6
977,563066da-3763-48f3-a142-42820d9e3e41
978,7243b23b-3561-4aca-8e82-4fb4da3131e6
979,a6f1391d-c1e3-4932-a1a8-fdf15267b27d
980,d30c9988-91b3-4278-ad87-05c128e43f3f
981,cf8bf73c-b630-481c-82b0-397d5958afdb
982,ed23b291-f47c-447f-ad6a-2c05f866a3fa
983,38b97801-a9d4-4823-bb23-ee9849523c19
984,5092a4d8-684f-4f70-b26d-758fff5592ce
985,2a1d6eb8-1fe2-407e-817f-b0b721eb6733
986,16dcee0f-2846-4570-bb81-9cb269d9e4e2
987,df000cfa-9dfd-4c69-bed6-0d0d4302d811
988,70aeb4b1-8e45-4663-9eb1-f56f99032774
989,cfca7eaf-815a-4779-82dd-ec380b9cf367
990,ac876c00-da75-4793-a3d3-83eec8692894
991,3c235160-e7ba-4f32-b54a-c3049c42794f
992,a6626af6-f299-4baa-888a-bb31cdae340c
993,75aa1c64-5cae-4b4a-b9c1-ece331cd4e9d
994,efdf8e7c-fe67-4f1c-9c40-ac828260b158
995,0dc61753-23ff-4ef5-a417-17cf658aeeae
996,04bec01d-0d83-46f7-b5ab-1f3f495f89e2
997,f358b944-880b-4f16-98b7-0258d6c68d26
998,84eae703-6fdd-45a3-98a3-e9910ff7f79f
999,7c5753fa-24e7-4b37-bfbf-95a3a7be66b6
1000,e75519f3-0cff-45c6-bb73-26938f4f823e
