tripId,deadline,deliveryDate,destination,expectedDeliveryDate,expectedStartDate,source,startDate
1,19/05/2014,22/01/2015,6162 Petterle Circle,27/06/2014,06/11/2014,6 Evergreen Avenue,26/03/2014
2,02/05/2014,26/06/2014,5051 Melby Place,04/03/2014,24/06/2014,73028 Muir Place,29/09/2014
3,23/10/2014,01/12/2014,84545 Westport Street,01/04/2014,11/09/2014,839 Gina Lane,14/09/2014
4,14/01/2015,11/02/2015,32501 Gina Alley,19/07/2014,14/07/2014,05 Huxley Plaza,31/07/2014
5,28/10/2014,03/05/2014,398 Pennsylvania Plaza,27/02/2015,23/11/2014,395 Duke Lane,02/04/2014
6,20/02/2015,21/07/2014,945 Wayridge Lane,23/02/2015,31/03/2014,78410 Old Shore Terrace,27/03/2014
7,22/04/2014,16/07/2014,11920 Lindbergh Street,31/01/2015,02/05/2014,2 Donald Avenue,09/12/2014
8,15/06/2014,06/05/2014,9 Scott Place,17/02/2015,09/09/2014,22652 Petterle Crossing,27/02/2015
9,15/12/2014,03/06/2014,311 Annamark Trail,30/09/2014,11/10/2014,305 Northport Plaza,16/07/2014
10,17/09/2014,30/10/2014,21 Scott Avenue,07/09/2014,01/12/2014,4982 Dapin Terrace,23/08/2014
11,12/02/2015,08/06/2014,6798 Arizona Court,08/02/2015,20/08/2014,05968 Shopko Parkway,18/09/2014
12,19/02/2015,02/03/2014,3557 Elka Junction,01/10/2014,16/10/2014,1952 Vernon Pass,03/10/2014
13,12/01/2015,03/04/2014,576 Sunnyside Parkway,12/11/2014,16/01/2015,8485 Chinook Drive,20/10/2014
14,03/04/2014,15/12/2014,4956 Mosinee Road,30/07/2014,20/09/2014,0 Prairie Rose Avenue,28/04/2014
15,17/12/2014,04/08/2014,68823 Pierstorff Street,22/10/2014,19/04/2014,3474 Marquette Crossing,07/07/2014
16,05/04/2014,16/08/2014,876 Fallview Road,28/04/2014,30/07/2014,3419 Blaine Alley,12/08/2014
17,27/02/2015,05/12/2014,5531 Shasta Junction,05/02/2015,06/05/2014,12 Sunbrook Lane,27/05/2014
18,15/11/2014,22/08/2014,17 Claremont Drive,06/12/2014,22/07/2014,674 Carioca Circle,19/11/2014
19,23/01/2015,09/06/2014,3624 Dennis Center,04/08/2014,17/04/2014,752 Lunder Park,27/05/2014
20,11/04/2014,07/07/2014,0999 Ridgeway Hill,21/04/2014,05/11/2014,25 Melvin Road,05/12/2014
21,21/10/2014,31/12/2014,41 Sachtjen Junction,20/09/2014,04/05/2014,4347 Morrow Hill,25/08/2014
22,09/02/2015,14/07/2014,3 Cottonwood Road,22/05/2014,21/11/2014,7 Coolidge Center,03/09/2014
23,27/11/2014,03/08/2014,55747 Hagan Court,15/04/2014,23/04/2014,5 Granby Alley,23/09/2014
24,25/04/2014,10/01/2015,6 Tony Road,17/07/2014,29/09/2014,030 Columbus Center,29/03/2014
25,14/02/2015,26/01/2015,48 Trailsway Parkway,05/08/2014,14/09/2014,49801 Grayhawk Park,20/05/2014
26,04/09/2014,11/02/2015,1376 Scoville Crossing,09/06/2014,25/02/2015,9 Eliot Point,30/12/2014
27,31/12/2014,10/04/2014,9 Carioca Park,16/06/2014,05/01/2015,4 Cascade Avenue,19/05/2014
28,17/02/2015,12/11/2014,6 Sutteridge Parkway,23/05/2014,11/09/2014,77 Ridge Oak Avenue,23/09/2014
29,01/06/2014,28/12/2014,9590 Packers Park,13/01/2015,08/06/2014,312 Northwestern Point,23/09/2014
30,26/05/2014,02/11/2014,2 Old Gate Crossing,10/06/2014,27/02/2015,4293 2nd Court,20/02/2015
31,02/02/2015,18/07/2014,0 Heffernan Crossing,05/07/2014,06/02/2015,4 Hansons Junction,07/02/2015
32,12/01/2015,01/01/2015,1 Oriole Park,01/04/2014,30/07/2014,47776 Lerdahl Court,17/05/2014
33,25/09/2014,24/03/2014,6 Melvin Alley,23/04/2014,27/02/2015,94 Michigan Lane,22/12/2014
34,06/10/2014,23/07/2014,1134 Drewry Terrace,13/03/2014,02/08/2014,8 Westend Hill,09/01/2015
35,23/05/2014,03/09/2014,188 Saint Paul Street,02/05/2014,27/11/2014,91518 Green Ridge Street,20/02/2015
36,09/12/2014,12/12/2014,6178 Sugar Road,14/03/2014,17/08/2014,23 Green Hill,15/03/2014
37,22/08/2014,21/05/2014,5 Raven Circle,13/03/2014,02/07/2014,33645 Golf View Trail,08/01/2015
38,18/03/2014,01/12/2014,0 Arizona Road,24/03/2014,15/10/2014,00 Shelley Court,17/06/2014
39,09/05/2014,19/04/2014,196 Rigney Crossing,09/05/2014,25/07/2014,504 Oakridge Pass,05/04/2014
40,18/06/2014,27/12/2014,741 Victoria Terrace,04/09/2014,18/08/2014,18 Eggendart Junction,05/08/2014
41,05/04/2014,27/03/2014,589 Chive Alley,21/11/2014,26/05/2014,29911 Washington Lane,08/10/2014
42,16/10/2014,07/01/2015,254 Stang Drive,20/04/2014,04/02/2015,803 Maple Wood Lane,23/12/2014
43,10/07/2014,16/12/2014,7 Bartillon Center,06/02/2015,15/12/2014,64 Kim Way,13/02/2015
44,16/03/2014,16/12/2014,8 Weeping Birch Hill,09/07/2014,26/03/2014,25341 Monument Circle,14/01/2015
45,18/03/2014,02/08/2014,4 Westport Crossing,25/12/2014,14/02/2015,29 Del Sol Court,22/03/2014
46,05/04/2014,18/06/2014,0768 Blue Bill Park Parkway,15/08/2014,23/06/2014,57 Farmco Pass,11/10/2014
47,09/12/2014,01/06/2014,7023 Sauthoff Pass,07/09/2014,10/07/2014,3725 Melby Parkway,25/10/2014
48,20/02/2015,15/09/2014,64475 Golf View Park,23/12/2014,19/04/2014,5121 Utah Court,19/11/2014
49,26/06/2014,15/01/2015,8 Dunning Alley,29/12/2014,28/03/2014,92 Schlimgen Place,23/07/2014
50,02/09/2014,01/11/2014,7560 Spenser Crossing,16/10/2014,14/07/2014,0 Raven Terrace,26/01/2015
51,22/06/2014,11/06/2014,3253 Fulton Center,20/06/2014,29/05/2014,738 Canary Lane,10/06/2014
52,13/12/2014,29/01/2015,78 Graceland Crossing,29/09/2014,19/09/2014,6598 Heffernan Pass,01/02/2015
53,09/04/2014,15/12/2014,83 Northridge Crossing,03/11/2014,25/06/2014,085 Pawling Alley,05/01/2015
54,12/06/2014,17/09/2014,79 Nelson Way,17/12/2014,04/12/2014,0560 Montana Way,12/02/2015
55,18/04/2014,19/01/2015,00 Sherman Way,06/01/2015,14/05/2014,1 Sauthoff Street,19/06/2014
56,12/10/2014,01/05/2014,32598 American Ash Trail,29/03/2014,09/05/2014,2597 Rusk Place,05/08/2014
57,09/09/2014,11/03/2014,45883 Anderson Junction,01/01/2015,18/01/2015,322 Crowley Pass,17/10/2014
58,11/10/2014,16/03/2014,278 Dryden Avenue,21/03/2014,20/03/2014,18629 Heath Park,17/06/2014
59,12/06/2014,16/03/2014,36110 4th Street,22/05/2014,18/10/2014,124 Milwaukee Circle,08/06/2014
60,21/11/2014,31/03/2014,06 Village Circle,24/07/2014,10/03/2014,67818 Butterfield Way,03/09/2014
61,07/07/2014,07/06/2014,26 7th Road,11/08/2014,28/12/2014,156 Dwight Way,27/01/2015
62,01/12/2014,13/11/2014,148 Bellgrove Avenue,22/10/2014,23/12/2014,046 Surrey Point,08/07/2014
63,12/02/2015,23/10/2014,14 Chinook Crossing,09/11/2014,12/11/2014,99 Toban Center,30/12/2014
64,13/04/2014,19/08/2014,05345 Crescent Oaks Crossing,10/03/2014,27/02/2015,5219 Carey Center,16/07/2014
65,21/07/2014,08/09/2014,49258 Helena Way,28/07/2014,29/11/2014,70 Browning Avenue,30/04/2014
66,13/04/2014,13/06/2014,68 Meadow Ridge Avenue,23/06/2014,30/05/2014,0 Superior Hill,23/10/2014
67,02/04/2014,13/08/2014,07055 Logan Place,09/06/2014,08/01/2015,5452 Bartelt Court,18/10/2014
68,28/05/2014,06/03/2014,83416 Mitchell Trail,19/09/2014,30/11/2014,6 Meadow Vale Park,10/07/2014
69,31/05/2014,24/08/2014,834 Sugar Crossing,16/08/2014,23/11/2014,8 Rockefeller Road,25/03/2014
70,12/08/2014,12/04/2014,07313 Nelson Terrace,08/01/2015,28/07/2014,83565 Hudson Court,14/05/2014
71,10/11/2014,13/12/2014,5444 Buena Vista Way,04/04/2014,18/07/2014,38724 Transport Court,31/08/2014
72,31/07/2014,16/04/2014,109 Straubel Alley,05/07/2014,20/11/2014,090 Golf Drive,28/08/2014
73,18/04/2014,20/07/2014,42274 Ridgeview Place,17/06/2014,28/10/2014,0834 Lakeland Junction,18/09/2014
74,13/01/2015,30/11/2014,92812 Lillian Parkway,25/11/2014,28/08/2014,2 Tennyson Junction,28/07/2014
75,12/01/2015,12/08/2014,9940 Huxley Plaza,09/07/2014,02/08/2014,0 Macpherson Avenue,08/09/2014
76,31/07/2014,24/01/2015,9309 Harbort Terrace,30/08/2014,14/03/2014,0 5th Circle,18/01/2015
77,19/05/2014,10/04/2014,073 Thierer Road,07/11/2014,01/05/2014,2177 Maple Road,31/10/2014
78,24/01/2015,09/07/2014,35704 Heffernan Court,08/06/2014,09/08/2014,27975 Weeping Birch Parkway,31/01/2015
79,16/03/2014,05/03/2014,26 Boyd Road,29/03/2014,11/07/2014,6084 Crescent Oaks Road,03/06/2014
80,28/10/2014,13/12/2014,43138 New Castle Avenue,17/12/2014,10/02/2015,8311 Fallview Way,08/09/2014
81,20/08/2014,10/07/2014,9 7th Place,22/10/2014,29/08/2014,409 Fisk Parkway,11/08/2014
82,06/11/2014,20/11/2014,5805 Lighthouse Bay Circle,22/12/2014,10/04/2014,7533 Moose Drive,07/01/2015
83,22/10/2014,24/10/2014,9935 Oak Trail,26/09/2014,11/05/2014,8174 Bartillon Parkway,16/12/2014
84,17/10/2014,21/01/2015,0 Shasta Circle,13/06/2014,17/12/2014,28853 Menomonie Circle,03/01/2015
85,13/01/2015,28/10/2014,5548 Moose Road,30/11/2014,11/07/2014,63581 Warrior Avenue,21/02/2015
86,08/02/2015,14/04/2014,99 Anhalt Terrace,29/01/2015,10/01/2015,4430 5th Court,18/03/2014
87,20/03/2014,18/05/2014,5132 Blaine Court,04/06/2014,04/01/2015,21 Fairfield Point,15/05/2014
88,29/05/2014,17/05/2014,27 Norway Maple Parkway,23/11/2014,24/01/2015,317 Heath Junction,13/03/2014
89,13/04/2014,27/12/2014,326 Roth Street,01/02/2015,28/10/2014,8 Cordelia Way,14/12/2014
90,05/06/2014,04/03/2014,909 Bobwhite Way,09/03/2014,27/04/2014,9 Straubel Parkway,26/12/2014
91,01/06/2014,09/08/2014,560 Bunting Pass,17/03/2014,02/09/2014,462 Katie Trail,18/05/2014
92,14/01/2015,08/06/2014,1 Jackson Plaza,20/03/2014,20/01/2015,700 Fremont Terrace,27/12/2014
93,10/09/2014,28/11/2014,46577 Continental Lane,23/10/2014,21/09/2014,1136 Heath Drive,14/10/2014
94,01/08/2014,02/09/2014,2462 Clyde Gallagher Crossing,13/04/2014,17/11/2014,23 Saint Paul Court,31/01/2015
95,15/01/2015,04/02/2015,7922 Reinke Place,13/12/2014,28/05/2014,36336 Steensland Center,27/06/2014
96,18/02/2015,11/03/2014,404 Glendale Alley,25/06/2014,06/12/2014,00474 Kipling Alley,24/12/2014
97,09/10/2014,03/11/2014,4518 7th Circle,10/02/2015,02/08/2014,0303 Homewood Avenue,21/08/2014
98,03/09/2014,27/10/2014,07585 Spenser Junction,28/12/2014,25/04/2014,4 Banding Trail,09/09/2014
99,21/02/2015,28/08/2014,220 Anderson Alley,19/12/2014,10/04/2014,1476 Express Way,07/07/2014
100,08/12/2014,05/04/2014,210 Russell Circle,20/07/2014,15/12/2014,392 Anhalt Lane,29/05/2014
101,28/10/2014,18/10/2014,902 Londonderry Terrace,11/03/2014,18/06/2014,94 Cherokee Pass,05/08/2014
102,17/09/2014,13/10/2014,3934 Meadow Valley Hill,07/06/2014,26/03/2014,7 Armistice Plaza,17/10/2014
103,27/02/2015,10/12/2014,8129 Dapin Trail,15/12/2014,23/04/2014,3278 Pepper Wood Crossing,11/10/2014
104,07/08/2014,08/09/2014,2379 Rockefeller Court,08/10/2014,21/11/2014,388 Farragut Circle,06/02/2015
105,10/11/2014,09/01/2015,1 Mesta Court,10/12/2014,28/11/2014,84 Walton Lane,17/09/2014
106,02/04/2014,15/03/2014,3572 Norway Maple Plaza,28/01/2015,23/04/2014,00531 Schmedeman Street,03/01/2015
107,10/03/2014,01/04/2014,608 Oak Terrace,06/12/2014,05/03/2014,3756 Garrison Crossing,10/09/2014
108,23/08/2014,10/10/2014,8 Rockefeller Center,27/02/2015,23/04/2014,35084 Lukken Plaza,01/11/2014
109,23/12/2014,24/07/2014,33 Anderson Parkway,18/06/2014,09/03/2014,1813 Charing Cross Circle,03/01/2015
110,22/12/2014,27/07/2014,83 Division Terrace,03/12/2014,30/03/2014,4048 Basil Pass,26/08/2014
111,02/10/2014,24/07/2014,63 Westend Drive,09/11/2014,04/07/2014,241 Farwell Way,28/04/2014
112,18/09/2014,16/07/2014,541 Mitchell Terrace,09/06/2014,24/06/2014,8350 Springview Court,06/06/2014
113,16/03/2014,29/03/2014,13974 Dovetail Street,29/04/2014,16/05/2014,33179 Manitowish Hill,12/02/2015
114,25/12/2014,25/02/2015,287 Valley Edge Hill,12/03/2014,01/11/2014,0 Jana Parkway,29/10/2014
115,15/01/2015,30/04/2014,5 Scofield Drive,06/11/2014,22/09/2014,3 Meadow Valley Parkway,20/05/2014
116,02/12/2014,01/11/2014,76324 Gale Court,28/11/2014,19/07/2014,8207 Johnson Pass,11/11/2014
117,16/04/2014,23/03/2014,025 Kensington Avenue,21/08/2014,03/01/2015,10 Hagan Hill,10/12/2014
118,07/03/2014,04/01/2015,014 Jackson Hill,30/05/2014,31/10/2014,46 Basil Pass,28/03/2014
119,22/03/2014,05/08/2014,4 Marcy Terrace,15/02/2015,10/01/2015,6546 Myrtle Court,17/05/2014
120,26/09/2014,30/09/2014,49 Bultman Road,25/07/2014,26/05/2014,35868 David Point,01/09/2014
121,12/12/2014,15/12/2014,9761 Blue Bill Park Avenue,27/12/2014,13/02/2015,02 Ridge Oak Terrace,16/01/2015
122,11/06/2014,20/01/2015,098 Bartillon Road,29/09/2014,09/08/2014,797 Clove Hill,21/09/2014
123,14/07/2014,17/05/2014,210 Schiller Lane,16/10/2014,15/07/2014,649 Thackeray Way,08/07/2014
124,21/11/2014,22/06/2014,22 7th Pass,26/08/2014,20/04/2014,95034 Dennis Center,09/03/2014
125,15/04/2014,23/07/2014,9292 Westerfield Junction,30/04/2014,01/02/2015,1 Banding Point,10/02/2015
126,22/02/2015,24/08/2014,9 Algoma Trail,05/12/2014,12/12/2014,14 Brown Avenue,23/07/2014
127,19/03/2014,04/06/2014,422 Almo Road,12/02/2015,06/12/2014,7 Golden Leaf Trail,01/02/2015
128,01/10/2014,28/04/2014,05335 Morningstar Center,19/06/2014,24/05/2014,9766 Elgar Avenue,02/07/2014
129,20/01/2015,27/11/2014,06738 Sauthoff Alley,03/05/2014,19/11/2014,339 Barnett Circle,05/08/2014
130,29/01/2015,25/09/2014,41 Bonner Circle,23/04/2014,25/06/2014,013 Declaration Parkway,30/11/2014
131,21/08/2014,07/02/2015,29 Washington Drive,19/02/2015,27/10/2014,74643 Arizona Avenue,16/08/2014
132,26/09/2014,07/09/2014,54639 Red Cloud Plaza,18/08/2014,13/06/2014,128 Corben Terrace,15/07/2014
133,15/11/2014,19/08/2014,26 Randy Pass,25/05/2014,08/12/2014,20491 Sage Hill,10/06/2014
134,24/12/2014,30/05/2014,3 John Wall Point,16/04/2014,31/05/2014,215 Grover Court,13/07/2014
135,04/12/2014,05/07/2014,35797 Armistice Court,14/05/2014,12/09/2014,0 Cambridge Terrace,11/01/2015
136,23/10/2014,16/07/2014,390 Loftsgordon Terrace,28/07/2014,17/05/2014,6949 Texas Hill,09/11/2014
137,26/06/2014,02/12/2014,05 Hanson Park,03/09/2014,08/01/2015,66 Mosinee Junction,19/11/2014
138,01/09/2014,06/10/2014,6 La Follette Drive,13/12/2014,29/11/2014,97764 Marquette Circle,15/12/2014
139,02/09/2014,25/07/2014,2 Lakeland Lane,25/10/2014,16/06/2014,01421 Onsgard Court,30/04/2014
140,28/12/2014,17/09/2014,956 Spohn Lane,23/06/2014,10/08/2014,444 Canary Lane,07/03/2014
141,05/08/2014,25/07/2014,25218 Anzinger Plaza,19/04/2014,09/12/2014,9213 Shopko Plaza,24/02/2015
142,21/02/2015,23/12/2014,904 Northwestern Hill,27/10/2014,28/03/2014,71534 Chive Center,24/12/2014
143,07/11/2014,14/11/2014,99021 Katie Alley,06/10/2014,06/12/2014,9 Quincy Street,17/01/2015
144,16/03/2014,10/01/2015,28364 Pleasure Street,24/12/2014,12/02/2015,746 Vera Lane,26/04/2014
145,22/04/2014,01/06/2014,7104 Haas Alley,31/01/2015,15/02/2015,2618 Coleman Road,30/04/2014
146,12/08/2014,12/09/2014,44 3rd Center,05/03/2014,07/05/2014,48 Katie Parkway,02/04/2014
147,28/05/2014,11/02/2015,409 Bowman Pass,28/05/2014,27/07/2014,923 Nevada Avenue,14/09/2014
148,22/04/2014,17/03/2014,22832 American Ash Hill,19/06/2014,13/02/2015,84 Anderson Junction,05/01/2015
149,12/08/2014,25/01/2015,60883 Service Junction,21/06/2014,18/07/2014,47106 Lakewood Gardens Point,08/08/2014
150,21/01/2015,18/09/2014,94437 Lighthouse Bay Crossing,08/12/2014,03/10/2014,9860 Riverside Way,22/06/2014
151,10/11/2014,16/05/2014,325 Riverside Point,21/11/2014,01/02/2015,07058 Grasskamp Street,26/06/2014
152,07/12/2014,20/04/2014,95 Scott Avenue,06/08/2014,10/09/2014,31 Fairview Crossing,18/10/2014
153,13/02/2015,04/06/2014,11 Meadow Ridge Avenue,12/02/2015,04/04/2014,9 Lyons Avenue,09/10/2014
154,05/02/2015,23/04/2014,6 Alpine Alley,15/04/2014,12/02/2015,789 Stone Corner Place,25/04/2014
155,02/11/2014,24/08/2014,36 Sheridan Lane,11/06/2014,15/12/2014,44235 Debs Drive,16/11/2014
156,20/08/2014,08/12/2014,30410 Carpenter Junction,16/01/2015,15/06/2014,1067 Annamark Pass,29/12/2014
157,23/10/2014,05/06/2014,914 Little Fleur Street,07/01/2015,21/03/2014,36 Johnson Alley,25/11/2014
158,09/04/2014,04/01/2015,29 Roth Trail,24/04/2014,19/06/2014,621 Waywood Point,15/04/2014
159,16/06/2014,02/10/2014,033 Browning Street,19/04/2014,06/12/2014,8 Lillian Circle,26/09/2014
160,07/02/2015,29/12/2014,858 Esker Pass,26/01/2015,24/10/2014,22 8th Trail,21/07/2014
161,14/08/2014,18/12/2014,79994 Chinook Crossing,12/04/2014,07/02/2015,3342 Grover Street,16/11/2014
162,08/06/2014,28/06/2014,21991 Almo Center,21/02/2015,19/07/2014,4150 Golden Leaf Alley,26/04/2014
163,20/03/2014,17/05/2014,21406 Helena Pass,19/07/2014,24/11/2014,574 Magdeline Circle,24/09/2014
164,12/08/2014,05/11/2014,9825 Ridgeview Plaza,04/05/2014,30/04/2014,8027 East Parkway,16/09/2014
165,16/07/2014,08/09/2014,9 Hayes Park,01/09/2014,09/01/2015,7 Washington Alley,23/05/2014
166,02/03/2014,25/08/2014,959 John Wall Way,11/12/2014,31/10/2014,0683 Melody Parkway,04/05/2014
167,03/06/2014,26/04/2014,0480 Sutteridge Court,23/03/2014,29/06/2014,861 3rd Hill,15/06/2014
168,03/01/2015,17/09/2014,629 Truax Trail,31/01/2015,08/04/2014,68 Dahle Pass,13/12/2014
169,15/07/2014,18/06/2014,0901 Coleman Trail,20/08/2014,17/04/2014,40 Carioca Way,02/07/2014
170,16/05/2014,31/10/2014,0 Jay Point,10/02/2015,20/04/2014,0 Reindahl Circle,03/01/2015
171,14/10/2014,04/11/2014,78 Gerald Lane,15/06/2014,09/09/2014,504 Farwell Hill,21/02/2015
172,10/01/2015,03/03/2014,7 Bunker Hill Crossing,03/09/2014,16/03/2014,0 Erie Lane,09/07/2014
173,01/08/2014,19/05/2014,21 Havey Way,29/01/2015,29/04/2014,0539 2nd Road,04/08/2014
174,10/10/2014,25/08/2014,32465 Warner Circle,04/05/2014,26/05/2014,90193 Coolidge Point,02/05/2014
175,13/03/2014,05/01/2015,8778 Marcy Terrace,23/09/2014,02/06/2014,60896 Bunting Trail,22/11/2014
176,19/01/2015,15/09/2014,5 Spenser Point,11/05/2014,24/01/2015,5667 Hollow Ridge Plaza,22/07/2014
177,10/02/2015,22/07/2014,042 Westend Hill,28/05/2014,06/08/2014,0 Carberry Drive,18/01/2015
178,10/03/2014,12/06/2014,19 Vidon Parkway,27/07/2014,23/07/2014,6 Butternut Terrace,20/05/2014
179,28/11/2014,03/10/2014,646 Service Place,14/10/2014,16/12/2014,22710 Anniversary Lane,05/06/2014
180,01/08/2014,04/12/2014,7096 Pearson Way,07/03/2014,05/09/2014,990 Evergreen Way,10/08/2014
181,11/01/2015,07/12/2014,37 Nelson Drive,27/08/2014,10/05/2014,02 Hooker Hill,02/06/2014
182,26/03/2014,06/05/2014,71 Lerdahl Drive,26/05/2014,20/11/2014,043 Texas Drive,28/12/2014
183,12/11/2014,28/04/2014,66 Londonderry Park,11/09/2014,18/05/2014,0741 Annamark Hill,20/04/2014
184,01/07/2014,15/07/2014,0451 Independence Trail,24/10/2014,30/10/2014,89 Parkside Way,23/01/2015
185,02/11/2014,12/10/2014,5 Garrison Park,25/01/2015,23/03/2014,43055 Crowley Terrace,31/03/2014
186,09/10/2014,02/08/2014,31856 Elka Park,18/08/2014,19/04/2014,5364 Delladonna Drive,06/04/2014
187,20/10/2014,31/03/2014,82 Shelley Way,21/12/2014,15/02/2015,1 Nelson Park,01/01/2015
188,08/03/2014,19/07/2014,5083 Eastlawn Crossing,30/06/2014,20/12/2014,14284 Lakewood Gardens Point,24/03/2014
189,02/12/2014,11/03/2014,4 Helena Place,02/10/2014,06/04/2014,680 School Plaza,25/08/2014
190,01/12/2014,23/11/2014,360 Morning Alley,26/05/2014,17/05/2014,1116 Brown Avenue,02/01/2015
191,06/06/2014,09/01/2015,57 Novick Center,17/06/2014,09/05/2014,73418 Buena Vista Plaza,19/04/2014
192,19/09/2014,17/09/2014,41 High Crossing Parkway,13/10/2014,28/08/2014,06795 Emmet Place,31/07/2014
193,25/07/2014,30/10/2014,98 Comanche Avenue,17/07/2014,21/10/2014,55 Merrick Road,05/09/2014
194,05/10/2014,18/08/2014,81 Golden Leaf Hill,06/11/2014,22/11/2014,51220 Victoria Center,29/06/2014
195,12/10/2014,08/06/2014,891 Katie Trail,02/09/2014,05/01/2015,5997 Express Center,30/05/2014
196,29/07/2014,27/10/2014,926 Tony Plaza,12/09/2014,04/10/2014,355 Warrior Circle,29/03/2014
197,12/03/2014,23/01/2015,7755 Tony Court,01/04/2014,15/06/2014,50 Merry Crossing,09/05/2014
198,17/06/2014,31/01/2015,86 Grim Street,23/08/2014,16/03/2014,52467 Hoepker Road,08/10/2014
199,14/11/2014,04/06/2014,7991 Gerald Crossing,13/04/2014,15/12/2014,73892 Mockingbird Circle,14/12/2014
200,13/04/2014,28/05/2014,722 Paget Alley,11/10/2014,04/04/2014,0 Caliangt Street,26/10/2014
201,11/04/2014,26/08/2014,1 Helena Lane,22/06/2014,20/09/2014,0985 Hermina Center,01/02/2015
202,15/11/2014,13/06/2014,315 Caliangt Drive,17/03/2014,04/03/2014,420 Stephen Street,15/01/2015
203,31/12/2014,14/02/2015,50506 Morrow Circle,07/12/2014,10/09/2014,723 Vahlen Way,17/09/2014
204,08/05/2014,06/04/2014,3414 Vidon Pass,01/10/2014,07/07/2014,26524 5th Road,11/12/2014
205,10/10/2014,29/06/2014,72568 Drewry Parkway,17/01/2015,30/07/2014,9 Hagan Alley,10/10/2014
206,08/09/2014,19/10/2014,829 Loomis Crossing,09/05/2014,18/06/2014,39 American Street,07/03/2014
207,23/06/2014,30/12/2014,18793 Lakewood Place,24/05/2014,30/08/2014,70666 Dunning Pass,04/09/2014
208,15/02/2015,06/02/2015,10351 Memorial Trail,17/09/2014,12/12/2014,83 North Crossing,21/04/2014
209,11/09/2014,14/01/2015,43255 Sachtjen Road,27/06/2014,17/01/2015,9605 Claremont Street,20/03/2014
210,10/10/2014,27/03/2014,56 Monument Alley,18/12/2014,17/04/2014,77 Pond Court,10/11/2014
211,01/05/2014,11/08/2014,8 Prairie Rose Avenue,25/04/2014,16/01/2015,9 Scofield Way,25/01/2015
212,13/05/2014,23/06/2014,87821 Bluejay Court,07/04/2014,12/11/2014,64 Fulton Alley,09/10/2014
213,08/06/2014,02/08/2014,9095 Lindbergh Avenue,23/03/2014,07/03/2014,2229 Charing Cross Way,08/12/2014
214,09/04/2014,20/11/2014,3 Sundown Hill,12/09/2014,25/01/2015,22 Susan Hill,16/01/2015
215,14/02/2015,02/03/2014,823 Fordem Plaza,07/04/2014,01/02/2015,283 Melvin Terrace,20/09/2014
216,14/10/2014,04/03/2014,9 Logan Circle,30/03/2014,27/03/2014,171 Glacier Hill Hill,16/02/2015
217,25/11/2014,12/04/2014,32 Kinsman Junction,28/10/2014,01/09/2014,78 Bobwhite Drive,29/04/2014
218,24/09/2014,12/10/2014,7690 Melrose Park,04/10/2014,09/11/2014,7197 Grim Drive,20/09/2014
219,12/08/2014,03/11/2014,7001 Paget Plaza,29/06/2014,15/03/2014,03060 Lakewood Junction,03/09/2014
220,12/08/2014,02/12/2014,371 Lyons Center,21/08/2014,27/01/2015,6668 Canary Park,29/01/2015
221,13/10/2014,27/03/2014,9886 Hanover Circle,27/11/2014,05/11/2014,97533 Alpine Court,02/08/2014
222,15/02/2015,25/06/2014,4489 Heath Junction,17/10/2014,29/03/2014,0211 Gulseth Street,23/04/2014
223,15/12/2014,08/04/2014,73 Warner Junction,05/07/2014,25/02/2015,1029 Claremont Crossing,27/06/2014
224,08/01/2015,23/09/2014,54 Ilene Street,16/02/2015,03/12/2014,928 Donald Street,05/01/2015
225,03/05/2014,18/02/2015,4 Tennessee Hill,23/08/2014,04/09/2014,2 Magdeline Road,13/03/2014
226,19/07/2014,15/06/2014,60620 Delladonna Plaza,08/06/2014,03/11/2014,55039 Brentwood Street,01/05/2014
227,18/10/2014,31/08/2014,71 Loftsgordon Pass,11/11/2014,21/01/2015,2661 Main Point,14/04/2014
228,15/08/2014,11/09/2014,15932 Fulton Point,17/07/2014,01/09/2014,7075 Troy Terrace,03/07/2014
229,20/07/2014,14/11/2014,40436 Swallow Drive,28/11/2014,09/03/2014,85 Stone Corner Parkway,02/01/2015
230,10/08/2014,23/12/2014,10 Toban Alley,22/05/2014,15/07/2014,34 Commercial Parkway,27/08/2014
231,16/10/2014,31/07/2014,9 Meadow Vale Parkway,21/09/2014,02/03/2014,691 Elgar Way,13/12/2014
232,14/12/2014,24/07/2014,72 Starling Pass,23/10/2014,08/03/2014,23395 Roxbury Plaza,05/03/2014
233,24/09/2014,28/12/2014,6797 Schiller Park,12/10/2014,30/06/2014,55 Golden Leaf Center,07/11/2014
234,28/04/2014,08/05/2014,77 Cordelia Point,08/10/2014,05/01/2015,339 Dwight Trail,10/10/2014
235,06/01/2015,18/10/2014,13476 Bashford Road,19/01/2015,20/08/2014,6144 Crowley Road,12/11/2014
236,19/01/2015,20/01/2015,46 Katie Parkway,14/12/2014,12/06/2014,097 Ohio Crossing,11/02/2015
237,07/05/2014,19/05/2014,1253 Clyde Gallagher Parkway,19/10/2014,31/08/2014,740 Park Meadow Junction,19/04/2014
238,20/12/2014,01/06/2014,1 Autumn Leaf Street,13/08/2014,12/10/2014,44982 Annamark Alley,01/04/2014
239,21/01/2015,21/10/2014,1836 Autumn Leaf Trail,14/05/2014,20/02/2015,95194 Crownhardt Way,30/04/2014
240,19/06/2014,18/08/2014,4 Swallow Junction,21/06/2014,30/12/2014,199 Pleasure Place,04/06/2014
241,28/09/2014,04/01/2015,530 Coolidge Center,29/04/2014,22/02/2015,05928 Lakeland Way,04/11/2014
242,30/07/2014,07/06/2014,04774 Southridge Parkway,30/12/2014,10/02/2015,69122 Mallory Avenue,21/05/2014
243,28/05/2014,15/04/2014,1 Ludington Plaza,27/04/2014,16/08/2014,0 Amoth Trail,28/01/2015
244,28/11/2014,14/07/2014,063 Weeping Birch Plaza,30/01/2015,10/03/2014,7 Clemons Avenue,26/03/2014
245,14/12/2014,27/05/2014,18 Loftsgordon Parkway,28/01/2015,20/02/2015,72 Buhler Road,05/09/2014
246,29/11/2014,08/05/2014,93179 Anzinger Court,03/07/2014,14/09/2014,8 Gerald Place,29/10/2014
247,04/05/2014,11/03/2014,56008 Kingsford Pass,17/01/2015,28/12/2014,6422 Messerschmidt Center,24/04/2014
248,24/04/2014,05/12/2014,909 Cody Park,05/05/2014,24/02/2015,601 Dawn Hill,16/02/2015
249,18/05/2014,01/01/2015,83 Chinook Way,16/08/2014,20/07/2014,7651 Burning Wood Hill,03/03/2014
250,16/07/2014,01/10/2014,3 Armistice Road,16/07/2014,05/09/2014,130 Village Junction,07/06/2014
251,05/09/2014,08/08/2014,4 8th Hill,13/05/2014,04/04/2014,4990 Ruskin Alley,22/01/2015
252,26/09/2014,21/01/2015,60 Jackson Road,17/12/2014,23/04/2014,64 Jana Drive,19/09/2014
253,22/03/2014,27/10/2014,234 David Trail,02/06/2014,26/09/2014,51941 Maryland Way,11/10/2014
254,02/09/2014,08/02/2015,38002 Scoville Way,14/07/2014,09/01/2015,8329 Fallview Plaza,28/10/2014
255,09/12/2014,11/02/2015,2140 Northport Lane,06/04/2014,04/03/2014,97957 Gale Junction,03/07/2014
256,24/02/2015,16/03/2014,1 Cambridge Parkway,22/07/2014,12/12/2014,369 Hoard Drive,30/04/2014
257,12/07/2014,01/05/2014,3 Hallows Way,18/02/2015,30/06/2014,22 Twin Pines Court,29/04/2014
258,10/12/2014,12/10/2014,32803 Sachtjen Hill,14/03/2014,12/05/2014,959 Northfield Crossing,16/06/2014
259,17/11/2014,02/12/2014,874 Karstens Center,17/08/2014,25/03/2014,0 Annamark Point,27/08/2014
260,30/05/2014,30/04/2014,043 Morningstar Point,15/08/2014,10/05/2014,27559 Westport Trail,02/08/2014
261,15/10/2014,02/08/2014,24 Esch Road,25/10/2014,15/02/2015,273 Schurz Hill,01/11/2014
262,03/06/2014,12/06/2014,02 Bowman Trail,21/01/2015,21/03/2014,50 Havey Circle,12/04/2014
263,25/08/2014,13/02/2015,734 Corscot Avenue,01/03/2014,19/02/2015,7145 Eastwood Crossing,07/12/2014
264,14/09/2014,24/02/2015,44575 Vahlen Trail,24/01/2015,27/01/2015,9 Kinsman Alley,23/11/2014
265,24/01/2015,10/06/2014,7761 Grim Lane,05/12/2014,15/09/2014,9 Declaration Hill,16/11/2014
266,21/02/2015,22/03/2014,678 Carey Park,12/05/2014,02/02/2015,0634 Goodland Way,15/03/2014
267,25/09/2014,22/11/2014,204 Golf Course Center,29/11/2014,19/03/2014,20533 Evergreen Pass,07/09/2014
268,22/04/2014,08/02/2015,6 Quincy Junction,12/12/2014,19/05/2014,270 Coleman Crossing,16/01/2015
269,11/08/2014,14/07/2014,15254 Grasskamp Plaza,27/04/2014,22/10/2014,97122 Merchant Junction,16/12/2014
270,31/12/2014,20/07/2014,8 Stuart Alley,26/01/2015,06/11/2014,5954 Hollow Ridge Court,25/08/2014
271,22/10/2014,29/01/2015,061 Elgar Center,14/05/2014,19/03/2014,19293 Messerschmidt Plaza,27/11/2014
272,28/04/2014,11/03/2014,16 Dahle Center,09/05/2014,23/05/2014,2 Dwight Hill,30/07/2014
273,04/12/2014,24/10/2014,97 Schmedeman Court,10/05/2014,11/01/2015,9 Summerview Drive,15/01/2015
274,24/04/2014,24/04/2014,32162 Kingsford Avenue,05/11/2014,22/03/2014,4 Summer Ridge Point,10/06/2014
275,19/07/2014,14/08/2014,58 Havey Road,09/06/2014,16/03/2014,8839 Grim Park,04/09/2014
276,11/05/2014,20/02/2015,0528 Leroy Point,03/07/2014,24/08/2014,647 Texas Crossing,04/04/2014
277,04/05/2014,20/01/2015,9859 Lakewood Gardens Drive,17/03/2014,15/01/2015,95 Sycamore Circle,12/04/2014
278,22/06/2014,19/05/2014,0299 Oak Valley Hill,29/12/2014,26/09/2014,74 Fieldstone Junction,27/07/2014
279,06/09/2014,23/02/2015,42465 Chive Plaza,20/12/2014,12/07/2014,358 Springs Way,08/09/2014
280,30/06/2014,21/04/2014,975 Meadow Ridge Terrace,05/01/2015,10/07/2014,72998 Riverside Terrace,05/09/2014
281,10/05/2014,25/04/2014,75767 Hanover Lane,05/03/2014,22/03/2014,6296 Glacier Hill Road,24/08/2014
282,01/12/2014,16/06/2014,90 Westridge Plaza,14/10/2014,26/12/2014,48 Ruskin Place,27/02/2015
283,15/09/2014,10/07/2014,21723 Huxley Hill,21/11/2014,09/10/2014,1 Carberry Trail,26/03/2014
284,08/02/2015,04/08/2014,430 Eliot Court,30/09/2014,26/01/2015,8394 Lakeland Drive,05/08/2014
285,20/11/2014,20/11/2014,53 Sugar Park,07/03/2014,23/01/2015,6370 Surrey Street,13/01/2015
286,10/07/2014,27/03/2014,5022 Manitowish Avenue,23/01/2015,26/05/2014,4 Banding Road,26/10/2014
287,16/07/2014,12/10/2014,2270 Warbler Point,22/06/2014,18/06/2014,92 Pearson Hill,16/03/2014
288,27/11/2014,27/09/2014,1 Melvin Parkway,28/12/2014,15/09/2014,147 Bellgrove Drive,07/07/2014
289,18/12/2014,28/04/2014,37 Havey Terrace,30/06/2014,31/10/2014,96 Gerald Circle,12/08/2014
290,09/02/2015,17/06/2014,2 Village Street,29/04/2014,12/04/2014,5125 Pepper Wood Way,29/11/2014
291,13/01/2015,10/03/2014,89674 Morning Circle,05/02/2015,13/09/2014,5 Donald Terrace,14/04/2014
292,02/04/2014,07/12/2014,57 6th Way,11/09/2014,05/11/2014,180 Barnett Street,20/07/2014
293,28/12/2014,04/12/2014,9062 Texas Terrace,06/07/2014,03/01/2015,76 Spaight Alley,05/09/2014
294,08/11/2014,16/04/2014,70587 Lien Way,14/01/2015,23/08/2014,4 Jay Plaza,02/04/2014
295,03/10/2014,09/11/2014,79562 Larry Terrace,17/02/2015,18/06/2014,80893 Red Cloud Plaza,08/08/2014
296,26/06/2014,24/01/2015,141 Fair Oaks Pass,01/08/2014,19/08/2014,443 Prentice Court,21/07/2014
297,27/11/2014,21/07/2014,2 Mesta Court,20/07/2014,04/09/2014,41 Bellgrove Junction,28/09/2014
298,14/07/2014,05/03/2014,0 Main Avenue,19/05/2014,28/07/2014,3 Brentwood Road,01/02/2015
299,23/05/2014,08/06/2014,341 Judy Trail,28/04/2014,03/07/2014,899 Ludington Center,23/10/2014
300,09/07/2014,26/12/2014,179 Larry Plaza,25/12/2014,21/11/2014,4139 Coolidge Point,15/03/2014
301,08/06/2014,10/09/2014,586 Brickson Park Parkway,16/05/2014,30/09/2014,0 Del Sol Alley,09/06/2014
302,01/08/2014,30/03/2014,26985 Grover Terrace,30/12/2014,27/07/2014,2678 David Pass,26/02/2015
303,01/12/2014,24/05/2014,42 Dorton Parkway,09/09/2014,23/03/2014,431 Village Green Pass,26/01/2015
304,17/03/2014,02/03/2014,5 Holy Cross Crossing,25/05/2014,05/02/2015,1329 Pearson Drive,27/02/2015
305,06/05/2014,26/01/2015,467 Kinsman Point,23/02/2015,15/12/2014,2629 Roth Hill,06/03/2014
306,17/11/2014,23/05/2014,9706 Mallard Circle,11/10/2014,08/09/2014,4885 Erie Circle,04/04/2014
307,17/06/2014,29/07/2014,5 Acker Avenue,28/03/2014,10/02/2015,717 Scofield Park,12/03/2014
308,15/01/2015,20/12/2014,23845 Coolidge Trail,06/02/2015,08/02/2015,60 Independence Drive,08/05/2014
309,27/12/2014,30/03/2014,6455 Briar Crest Center,30/06/2014,17/10/2014,77 Warner Pass,25/10/2014
310,30/10/2014,15/11/2014,260 Packers Trail,03/08/2014,20/09/2014,6 Waxwing Lane,17/06/2014
311,06/04/2014,09/11/2014,71 Kensington Center,20/06/2014,18/12/2014,7562 Dixon Plaza,23/02/2015
312,26/12/2014,18/03/2014,472 Mifflin Drive,04/05/2014,04/10/2014,5026 Randy Crossing,15/07/2014
313,11/01/2015,30/10/2014,12609 Holy Cross Junction,04/08/2014,18/02/2015,2671 Reindahl Point,28/10/2014
314,04/12/2014,31/01/2015,10834 Parkside Hill,26/12/2014,05/09/2014,4460 Sunfield Lane,04/08/2014
315,06/10/2014,31/01/2015,10 Hansons Court,05/05/2014,14/03/2014,90 Kenwood Junction,05/01/2015
316,20/12/2014,23/03/2014,708 Magdeline Hill,01/04/2014,09/08/2014,16 Mockingbird Drive,03/01/2015
317,29/09/2014,08/06/2014,94 Grover Pass,04/01/2015,22/10/2014,3594 Graceland Terrace,15/07/2014
318,11/08/2014,12/10/2014,081 Sutherland Lane,20/06/2014,07/12/2014,74188 Schiller Center,17/06/2014
319,14/11/2014,01/06/2014,5643 La Follette Junction,10/04/2014,10/12/2014,2 Stoughton Way,27/04/2014
320,26/09/2014,10/05/2014,3653 Garrison Junction,26/02/2015,14/12/2014,331 Maywood Crossing,22/01/2015
321,19/02/2015,31/10/2014,60378 Thierer Parkway,05/09/2014,15/05/2014,9252 Namekagon Drive,04/07/2014
322,17/07/2014,11/07/2014,670 Stephen Hill,16/10/2014,27/06/2014,2 Lunder Parkway,23/05/2014
323,05/02/2015,14/03/2014,55919 Declaration Road,23/07/2014,31/05/2014,4 Amoth Street,27/03/2014
324,12/10/2014,20/07/2014,6 Bay Court,14/04/2014,18/01/2015,40 Monument Terrace,22/08/2014
325,07/03/2014,15/07/2014,29806 Hooker Circle,06/07/2014,27/04/2014,6535 Westerfield Place,02/10/2014
326,24/02/2015,02/05/2014,84697 Derek Circle,11/07/2014,02/12/2014,7430 Mallory Hill,29/12/2014
327,01/08/2014,29/08/2014,23 Brickson Park Trail,09/08/2014,28/12/2014,45464 Summit Lane,16/02/2015
328,18/07/2014,17/09/2014,95726 Sherman Road,23/10/2014,14/03/2014,88152 Scott Park,17/12/2014
329,22/01/2015,16/10/2014,506 Tomscot Terrace,30/01/2015,27/05/2014,187 Lakewood Gardens Way,28/10/2014
330,22/04/2014,01/11/2014,58734 Duke Plaza,26/04/2014,03/04/2014,38 Evergreen Lane,04/10/2014
331,21/01/2015,29/07/2014,0100 Logan Pass,22/07/2014,15/06/2014,05 Shelley Avenue,07/09/2014
332,12/05/2014,04/08/2014,2 Almo Way,30/03/2014,26/08/2014,25482 Forster Circle,09/03/2014
333,28/11/2014,25/12/2014,82 Park Meadow Parkway,14/10/2014,21/08/2014,027 Parkside Pass,24/08/2014
334,26/02/2015,20/03/2014,879 Laurel Crossing,17/02/2015,01/07/2014,0 Blackbird Junction,05/03/2014
335,27/10/2014,20/03/2014,5813 Erie Way,16/06/2014,20/08/2014,11 Eastwood Court,16/03/2014
336,23/05/2014,12/04/2014,88675 Swallow Place,06/12/2014,18/03/2014,2573 Sunbrook Place,28/12/2014
337,20/10/2014,25/04/2014,02820 Grover Road,28/12/2014,29/06/2014,2322 Hermina Place,20/12/2014
338,14/03/2014,29/12/2014,526 Nevada Drive,30/07/2014,26/09/2014,221 Colorado Circle,02/11/2014
339,07/09/2014,25/09/2014,3657 Cambridge Court,20/11/2014,25/04/2014,1 Arkansas Street,09/03/2014
340,19/04/2014,14/06/2014,17 Hoepker Alley,09/01/2015,19/05/2014,118 Washington Way,08/06/2014
341,18/02/2015,20/05/2014,3417 Thackeray Court,02/05/2014,11/04/2014,1 Kropf Drive,24/10/2014
342,22/11/2014,03/02/2015,609 Westridge Place,24/03/2014,01/11/2014,2416 Evergreen Place,10/03/2014
343,28/03/2014,14/07/2014,824 Pennsylvania Trail,28/10/2014,23/11/2014,1105 American Ash Avenue,23/12/2014
344,24/03/2014,26/04/2014,8168 Granby Avenue,07/10/2014,21/10/2014,6780 7th Plaza,25/01/2015
345,17/03/2014,02/06/2014,92 Onsgard Parkway,09/03/2014,24/05/2014,0 Gina Road,15/12/2014
346,27/07/2014,27/12/2014,425 Gateway Circle,07/03/2014,16/01/2015,6305 Northwestern Street,28/10/2014
347,23/05/2014,30/11/2014,249 Hauk Trail,12/11/2014,24/03/2014,438 Mifflin Plaza,17/01/2015
348,01/11/2014,10/05/2014,71167 Lakeland Way,20/12/2014,12/06/2014,82351 Lake View Center,22/10/2014
349,14/12/2014,20/11/2014,19916 Waywood Junction,14/01/2015,08/03/2014,6 Roth Junction,09/11/2014
350,27/11/2014,16/11/2014,84516 Sage Junction,02/04/2014,16/05/2014,0 Truax Way,23/02/2015
351,13/06/2014,17/11/2014,62 Westend Point,31/10/2014,05/09/2014,548 Forest Run Point,13/10/2014
352,30/07/2014,24/11/2014,62422 Roth Drive,29/03/2014,08/08/2014,2523 Cambridge Court,19/05/2014
353,24/11/2014,03/03/2014,82 Division Park,14/02/2015,16/11/2014,00 Esch Drive,01/08/2014
354,02/06/2014,25/04/2014,824 Mallard Alley,30/03/2014,05/11/2014,1051 Dixon Crossing,12/01/2015
355,23/08/2014,02/08/2014,53 Oak Junction,15/10/2014,27/01/2015,80192 Anderson Alley,23/12/2014
356,21/01/2015,15/09/2014,5 Pleasure Terrace,25/12/2014,20/12/2014,71676 Center Avenue,28/05/2014
357,19/06/2014,07/12/2014,5452 1st Place,01/01/2015,18/08/2014,5 Main Lane,14/09/2014
358,16/10/2014,20/01/2015,82 4th Terrace,26/11/2014,30/11/2014,16 Jenifer Place,11/11/2014
359,17/04/2014,07/08/2014,32 Dakota Trail,02/03/2014,04/03/2014,09 South Alley,10/02/2015
360,21/03/2014,03/07/2014,3804 Merchant Trail,05/02/2015,24/08/2014,301 Golf Course Junction,23/04/2014
361,02/01/2015,17/12/2014,98 Transport Lane,04/04/2014,21/10/2014,3 Farwell Point,10/08/2014
362,28/04/2014,08/11/2014,00 Raven Point,18/12/2014,27/10/2014,398 Porter Junction,07/03/2014
363,08/12/2014,16/12/2014,65 Cascade Plaza,28/09/2014,05/01/2015,80 Manufacturers Terrace,03/12/2014
364,07/12/2014,13/02/2015,5536 Ramsey Pass,24/04/2014,29/08/2014,0761 Kinsman Alley,04/04/2014
365,02/12/2014,26/06/2014,7008 Nobel Drive,18/06/2014,30/03/2014,95 Vidon Parkway,13/07/2014
366,20/08/2014,26/05/2014,0 Truax Drive,21/05/2014,22/08/2014,6878 Bultman Alley,07/12/2014
367,13/12/2014,09/10/2014,039 Nevada Avenue,03/08/2014,26/10/2014,3775 Morning Center,08/10/2014
368,26/08/2014,10/03/2014,1934 Rockefeller Terrace,23/10/2014,04/09/2014,29736 Waubesa Place,12/05/2014
369,18/01/2015,04/03/2014,12669 Jay Court,08/05/2014,20/02/2015,77 Knutson Place,18/12/2014
370,18/09/2014,18/01/2015,062 Bowman Court,23/10/2014,03/04/2014,09 Red Cloud Way,27/05/2014
371,10/02/2015,19/10/2014,5312 Armistice Road,05/03/2014,16/06/2014,6058 Bluejay Place,17/03/2014
372,13/08/2014,19/04/2014,10774 8th Junction,21/10/2014,21/08/2014,8429 Declaration Trail,21/12/2014
373,01/02/2015,14/09/2014,4618 Troy Court,15/12/2014,14/05/2014,79438 North Avenue,19/01/2015
374,04/02/2015,28/12/2014,161 7th Parkway,28/10/2014,30/04/2014,8 Nancy Plaza,08/07/2014
375,24/10/2014,25/12/2014,41385 Reindahl Street,12/07/2014,01/07/2014,14 Bobwhite Circle,06/09/2014
376,05/06/2014,09/09/2014,18476 Orin Point,25/11/2014,11/07/2014,86 Spohn Center,01/12/2014
377,28/03/2014,20/09/2014,573 Bluejay Plaza,19/11/2014,27/01/2015,302 Scoville Circle,21/04/2014
378,28/07/2014,19/01/2015,19 La Follette Court,29/08/2014,02/12/2014,4 Hayes Avenue,01/09/2014
379,10/01/2015,01/01/2015,1 Melrose Plaza,19/08/2014,14/01/2015,50 Spohn Plaza,16/12/2014
380,19/02/2015,13/10/2014,541 Porter Junction,13/10/2014,02/10/2014,48 Redwing Terrace,18/03/2014
381,02/06/2014,01/09/2014,32 Lerdahl Road,03/03/2014,24/08/2014,60830 Hayes Pass,30/01/2015
382,26/08/2014,14/06/2014,926 Lakeland Park,10/02/2015,11/09/2014,61193 Reindahl Circle,06/01/2015
383,07/09/2014,02/05/2014,007 Sommers Street,18/02/2015,29/01/2015,6355 Columbus Way,02/04/2014
384,08/10/2014,24/05/2014,35 Myrtle Park,09/12/2014,25/09/2014,607 Harper Point,10/08/2014
385,04/11/2014,22/11/2014,6659 Carioca Drive,18/01/2015,22/06/2014,90716 Sycamore Lane,28/12/2014
386,25/10/2014,07/06/2014,45 Texas Park,28/04/2014,15/12/2014,64 Algoma Court,01/03/2014
387,08/09/2014,25/09/2014,72 Clemons Parkway,19/03/2014,31/08/2014,7355 Golf Pass,20/06/2014
388,05/09/2014,18/03/2014,449 Monica Terrace,09/11/2014,25/07/2014,78 Upham Circle,01/11/2014
389,06/12/2014,25/04/2014,295 Carpenter Place,22/01/2015,20/12/2014,24 Gerald Drive,16/07/2014
390,22/04/2014,22/01/2015,50323 Hallows Circle,19/06/2014,23/06/2014,71 4th Junction,13/02/2015
391,07/09/2014,19/08/2014,6002 Hoard Center,12/04/2014,31/05/2014,9719 Buhler Point,16/02/2015
392,18/05/2014,01/01/2015,43214 Forest Circle,29/08/2014,10/05/2014,49661 Hazelcrest Trail,10/10/2014
393,09/08/2014,25/03/2014,1393 Waubesa Hill,13/10/2014,20/07/2014,42 Waywood Center,29/04/2014
394,01/01/2015,17/03/2014,09 Pond Terrace,18/04/2014,19/07/2014,6 New Castle Way,03/04/2014
395,10/07/2014,14/05/2014,73 Oriole Center,19/10/2014,25/07/2014,6 Bonner Plaza,08/03/2014
396,11/02/2015,07/11/2014,2 Melody Street,12/05/2014,08/05/2014,9433 Eastwood Park,01/02/2015
397,27/03/2014,11/06/2014,18361 Shopko Avenue,13/05/2014,27/03/2014,55 Glendale Way,10/01/2015
398,27/01/2015,13/11/2014,647 Erie Circle,26/06/2014,06/06/2014,67 Holmberg Hill,06/12/2014
399,25/10/2014,09/06/2014,3978 Merchant Terrace,09/08/2014,26/04/2014,75660 Daystar Pass,05/07/2014
400,08/04/2014,25/08/2014,492 Bultman Road,06/02/2015,07/05/2014,88631 Pleasure Plaza,14/05/2014
401,08/12/2014,31/01/2015,7319 Myrtle Parkway,12/01/2015,29/09/2014,4 Debra Junction,24/11/2014
402,04/02/2015,16/07/2014,7048 Mendota Point,30/05/2014,26/12/2014,35 Ilene Trail,26/12/2014
403,13/04/2014,16/11/2014,245 Debs Center,05/02/2015,30/06/2014,36540 Ridge Oak Road,12/06/2014
404,06/08/2014,10/03/2014,3 Stephen Place,22/06/2014,22/03/2014,29 Montana Terrace,30/06/2014
405,29/03/2014,12/05/2014,5748 Maple Wood Hill,23/03/2014,28/05/2014,518 Parkside Crossing,18/10/2014
406,19/05/2014,16/09/2014,044 Hansons Circle,15/03/2014,31/10/2014,67243 Kingsford Place,14/12/2014
407,19/09/2014,20/06/2014,1288 Truax Drive,17/06/2014,17/05/2014,00 Lien Point,16/11/2014
408,10/12/2014,14/04/2014,2428 Meadow Valley Hill,03/04/2014,19/09/2014,8956 Service Hill,15/02/2015
409,27/02/2015,06/03/2014,433 Fordem Plaza,06/12/2014,22/01/2015,41571 Dexter Road,22/06/2014
410,10/07/2014,26/02/2015,64 Delaware Way,04/04/2014,13/09/2014,63 Red Cloud Avenue,27/11/2014
411,01/08/2014,01/06/2014,8421 Esch Crossing,09/06/2014,02/01/2015,24377 Lillian Point,21/04/2014
412,30/08/2014,22/12/2014,897 Hudson Plaza,30/10/2014,01/05/2014,55 Hooker Terrace,16/09/2014
413,10/08/2014,26/10/2014,12 Corben Avenue,21/09/2014,03/12/2014,38 Arizona Plaza,14/12/2014
414,25/08/2014,22/11/2014,844 Bartillon Place,21/02/2015,05/05/2014,8998 Hudson Court,18/02/2015
415,07/10/2014,28/09/2014,60823 Memorial Plaza,14/01/2015,29/06/2014,93712 Carey Road,30/10/2014
416,31/03/2014,03/03/2014,6 Moulton Terrace,15/02/2015,19/11/2014,20832 Marcy Pass,02/08/2014
417,13/08/2014,09/02/2015,93225 Cody Street,14/01/2015,18/01/2015,8010 Upham Parkway,14/08/2014
418,05/04/2014,06/10/2014,769 Riverside Alley,21/05/2014,07/09/2014,74 Hayes Street,21/12/2014
419,23/11/2014,03/01/2015,6 Crest Line Pass,20/06/2014,03/07/2014,451 Shelley Drive,22/10/2014
420,21/06/2014,16/09/2014,50429 Pawling Parkway,25/09/2014,03/02/2015,09 Michigan Place,10/05/2014
421,09/10/2014,09/11/2014,3720 Atwood Avenue,10/10/2014,21/07/2014,104 Goodland Junction,30/06/2014
422,28/09/2014,22/10/2014,01 Oak Valley Trail,06/04/2014,21/12/2014,51 Montana Court,19/02/2015
423,24/09/2014,11/07/2014,926 Eagle Crest Way,04/01/2015,16/09/2014,407 Stang Avenue,16/09/2014
424,24/04/2014,12/10/2014,5 Almo Place,10/12/2014,08/07/2014,3387 Donald Drive,26/07/2014
425,31/07/2014,10/12/2014,65518 Nobel Drive,08/03/2014,25/03/2014,212 Brown Trail,03/11/2014
426,17/06/2014,22/10/2014,85753 Main Plaza,03/05/2014,19/08/2014,530 Riverside Center,02/06/2014
427,18/04/2014,18/12/2014,63 Tennyson Court,17/07/2014,12/05/2014,514 Milwaukee Alley,16/11/2014
428,09/06/2014,22/10/2014,46 Shopko Parkway,19/10/2014,13/06/2014,9 Steensland Trail,30/08/2014
429,01/01/2015,24/06/2014,8 Bluejay Place,20/11/2014,30/01/2015,70 Sauthoff Plaza,24/08/2014
430,14/09/2014,14/05/2014,0655 Autumn Leaf Hill,16/12/2014,22/10/2014,1213 Ruskin Park,22/06/2014
431,19/02/2015,06/06/2014,6155 Pepper Wood Court,09/07/2014,19/02/2015,277 Summerview Point,06/09/2014
432,15/09/2014,08/02/2015,87619 Bluejay Plaza,02/07/2014,09/10/2014,63 Mifflin Lane,05/12/2014
433,30/03/2014,21/06/2014,77081 Monument Drive,06/01/2015,12/07/2014,738 Prairieview Hill,23/06/2014
434,01/04/2014,07/02/2015,2370 Scofield Plaza,04/06/2014,08/10/2014,7136 Forest Terrace,28/05/2014
435,16/09/2014,14/07/2014,3 Express Crossing,03/04/2014,22/09/2014,7768 Blue Bill Park Hill,26/01/2015
436,10/07/2014,23/07/2014,44 Main Trail,10/04/2014,15/03/2014,26 Linden Parkway,12/02/2015
437,23/06/2014,29/01/2015,7 Granby Circle,28/03/2014,07/10/2014,94 Grover Avenue,29/05/2014
438,13/03/2014,01/03/2014,31 Trailsway Alley,07/02/2015,13/09/2014,21 Pearson Road,05/06/2014
439,29/06/2014,01/05/2014,52762 Cascade Trail,27/09/2014,11/08/2014,94785 Sheridan Pass,12/08/2014
440,01/01/2015,10/10/2014,885 Vera Park,15/10/2014,23/02/2015,08 Canary Junction,16/06/2014
441,16/11/2014,17/01/2015,24 Donald Alley,10/10/2014,29/07/2014,7041 Twin Pines Point,15/10/2014
442,02/04/2014,25/06/2014,84 Jana Point,23/11/2014,09/12/2014,9365 Forest Dale Street,10/05/2014
443,07/10/2014,02/04/2014,6972 Oakridge Place,17/05/2014,11/09/2014,5967 International Point,06/04/2014
444,17/06/2014,06/03/2014,66594 Lyons Court,11/01/2015,03/04/2014,289 Dovetail Plaza,23/04/2014
445,13/09/2014,19/12/2014,56759 Karstens Drive,14/06/2014,03/10/2014,058 Bunting Drive,24/04/2014
446,04/12/2014,04/11/2014,1408 Oakridge Center,15/12/2014,27/06/2014,2 Blackbird Lane,12/11/2014
447,18/08/2014,29/10/2014,87 Arkansas Circle,30/04/2014,30/09/2014,67 Northport Circle,23/12/2014
448,28/07/2014,03/08/2014,686 Lakewood Gardens Avenue,20/11/2014,09/12/2014,02 Cherokee Trail,13/09/2014
449,18/12/2014,29/06/2014,59 Ridgeview Pass,23/09/2014,27/06/2014,63 Hudson Street,16/04/2014
450,23/03/2014,17/12/2014,4210 Southridge Avenue,18/01/2015,11/03/2014,726 Emmet Way,02/07/2014
451,25/12/2014,24/09/2014,893 Graceland Pass,06/08/2014,30/06/2014,549 Farwell Alley,11/07/2014
452,09/12/2014,14/03/2014,4295 Fallview Street,14/12/2014,21/11/2014,25 Sutteridge Plaza,28/10/2014
453,07/10/2014,22/06/2014,337 Schmedeman Plaza,19/06/2014,29/09/2014,69558 Evergreen Court,17/09/2014
454,16/10/2014,09/09/2014,79472 Forest Dale Pass,21/02/2015,20/11/2014,28801 Tennyson Court,28/09/2014
455,27/10/2014,25/08/2014,882 School Terrace,02/03/2014,10/03/2014,3457 Moland Junction,02/08/2014
456,05/01/2015,17/04/2014,94 Mallard Junction,09/04/2014,09/12/2014,19165 Merrick Drive,14/07/2014
457,07/06/2014,19/02/2015,05 Lakewood Gardens Parkway,13/11/2014,09/05/2014,4 Heath Junction,01/05/2014
458,12/11/2014,26/04/2014,91470 Sommers Park,16/09/2014,09/04/2014,5 Forest Dale Pass,16/05/2014
459,26/02/2015,01/01/2015,086 Elka Lane,01/08/2014,16/06/2014,61 Jackson Drive,18/04/2014
460,18/07/2014,29/03/2014,30392 Lien Trail,11/11/2014,28/01/2015,4 Graedel Lane,01/09/2014
461,11/07/2014,17/03/2014,0149 Scoville Crossing,31/05/2014,22/03/2014,2 Everett Parkway,23/02/2015
462,05/03/2014,13/01/2015,35 Sachtjen Trail,07/02/2015,28/06/2014,422 Grover Junction,24/05/2014
463,10/02/2015,08/09/2014,2 7th Street,22/11/2014,27/11/2014,1546 Mallard Drive,16/09/2014
464,04/08/2014,22/10/2014,958 Di Loreto Hill,24/11/2014,03/03/2014,44 New Castle Parkway,19/08/2014
465,19/10/2014,18/02/2015,662 Village Green Terrace,12/09/2014,29/05/2014,319 Morrow Point,26/07/2014
466,22/11/2014,25/01/2015,504 Mayfield Point,07/05/2014,25/10/2014,8008 Cherokee Lane,16/02/2015
467,12/04/2014,30/09/2014,8 Nobel Way,12/07/2014,17/02/2015,772 La Follette Way,24/07/2014
468,20/09/2014,05/03/2014,2952 Fair Oaks Terrace,16/08/2014,18/02/2015,99 Di Loreto Street,24/07/2014
469,01/10/2014,22/09/2014,939 Sheridan Court,04/05/2014,07/04/2014,620 Meadow Valley Park,22/06/2014
470,09/07/2014,21/04/2014,434 Dayton Circle,23/05/2014,05/05/2014,650 Farwell Trail,29/05/2014
471,02/11/2014,05/11/2014,930 Prentice Circle,18/07/2014,02/11/2014,2481 Grasskamp Drive,26/02/2015
472,20/10/2014,30/10/2014,822 Westend Crossing,28/04/2014,08/02/2015,885 Forster Parkway,18/03/2014
473,22/11/2014,22/02/2015,75009 Northland Pass,13/06/2014,09/10/2014,62 Jackson Alley,22/07/2014
474,04/10/2014,06/07/2014,69 Aberg Court,24/10/2014,07/06/2014,22 Paget Parkway,27/07/2014
475,19/02/2015,12/02/2015,9106 Thierer Hill,26/03/2014,24/01/2015,033 Russell Avenue,20/09/2014
476,08/09/2014,23/02/2015,746 West Center,16/05/2014,31/10/2014,4412 Moose Junction,18/12/2014
477,26/02/2015,30/10/2014,9 Swallow Crossing,24/12/2014,07/01/2015,335 Thackeray Plaza,15/04/2014
478,04/10/2014,24/11/2014,90 Kropf Center,07/09/2014,04/03/2014,40902 Namekagon Parkway,30/11/2014
479,06/03/2014,14/02/2015,427 Sachtjen Way,22/04/2014,21/06/2014,78512 Montana Road,13/02/2015
480,02/12/2014,21/05/2014,8008 Acker Court,28/03/2014,19/12/2014,21 Killdeer Circle,17/09/2014
481,25/07/2014,13/05/2014,2130 Lighthouse Bay Court,30/10/2014,04/05/2014,3 3rd Alley,18/11/2014
482,17/06/2014,22/08/2014,66966 Grayhawk Terrace,05/01/2015,01/06/2014,102 Eastlawn Point,21/11/2014
483,30/01/2015,27/09/2014,64205 2nd Court,23/10/2014,30/04/2014,9388 Quincy Alley,30/12/2014
484,13/10/2014,09/02/2015,4641 Corry Crossing,08/05/2014,21/03/2014,85254 Mayfield Parkway,02/03/2014
485,06/11/2014,15/07/2014,90556 Rowland Trail,01/10/2014,05/12/2014,64 Kinsman Way,21/03/2014
486,04/07/2014,19/03/2014,3902 Lake View Lane,18/07/2014,20/11/2014,199 Debs Trail,20/05/2014
487,14/01/2015,26/06/2014,1749 Ludington Court,13/08/2014,13/09/2014,81236 Bartelt Plaza,08/03/2014
488,09/12/2014,22/05/2014,3 Spaight Street,14/03/2014,05/01/2015,017 Victoria Lane,13/07/2014
489,22/06/2014,02/04/2014,92708 Judy Plaza,15/10/2014,14/09/2014,439 Spenser Court,18/09/2014
490,09/06/2014,30/10/2014,75 Anzinger Center,13/02/2015,17/09/2014,7669 Arrowood Center,01/01/2015
491,10/12/2014,13/06/2014,7 Katie Drive,15/11/2014,16/05/2014,24 Talmadge Lane,08/09/2014
492,01/02/2015,07/06/2014,1802 Sycamore Road,19/01/2015,27/07/2014,1683 8th Park,12/04/2014
493,16/03/2014,16/12/2014,4249 Park Meadow Park,08/03/2014,01/09/2014,717 Clyde Gallagher Street,07/02/2015
494,17/03/2014,17/10/2014,7 Merrick Circle,30/07/2014,18/11/2014,1201 Oak Trail,29/12/2014
495,03/07/2014,12/03/2014,789 Becker Junction,27/08/2014,01/04/2014,09 Waubesa Road,29/01/2015
496,20/04/2014,01/09/2014,6149 Thackeray Way,20/01/2015,22/06/2014,653 Trailsway Street,03/09/2014
497,24/09/2014,17/07/2014,6 Laurel Center,13/06/2014,03/01/2015,6 Corscot Place,07/09/2014
498,13/05/2014,04/08/2014,1650 Randy Pass,24/06/2014,28/07/2014,219 David Street,23/03/2014
499,26/02/2015,06/07/2014,93765 Pond Court,07/11/2014,12/12/2014,856 Troy Circle,19/05/2014
500,23/07/2014,20/04/2014,38756 Shelley Pass,09/07/2014,08/11/2014,18 Union Center,04/03/2014
501,25/05/2014,19/02/2015,4377 Stuart Lane,15/05/2014,10/05/2014,6 Blue Bill Park Parkway,01/07/2014
502,21/10/2014,04/03/2014,7165 Nevada Center,14/04/2014,15/06/2014,381 Mallard Alley,07/10/2014
503,29/12/2014,06/04/2014,1736 Londonderry Place,30/08/2014,08/12/2014,1082 Iowa Hill,21/07/2014
504,01/12/2014,17/05/2014,1 Mandrake Road,19/04/2014,10/11/2014,5926 Corben Crossing,06/05/2014
505,03/08/2014,02/01/2015,1144 Becker Court,31/12/2014,14/12/2014,8281 Village Green Hill,23/09/2014
506,12/09/2014,01/05/2014,42004 Bowman Street,16/08/2014,03/07/2014,9417 Garrison Trail,20/05/2014
507,27/02/2015,11/04/2014,9 Elka Park,05/11/2014,05/05/2014,2799 Dexter Center,11/10/2014
508,28/06/2014,18/04/2014,20 Orin Center,25/07/2014,26/02/2015,93974 Messerschmidt Court,09/10/2014
509,27/12/2014,12/03/2014,5 Forster Lane,06/08/2014,08/01/2015,5315 Hudson Pass,08/05/2014
510,22/05/2014,10/11/2014,11 Grover Plaza,30/09/2014,03/07/2014,866 Roth Place,01/02/2015
511,19/07/2014,07/08/2014,92 Messerschmidt Avenue,15/05/2014,02/12/2014,2068 La Follette Road,27/04/2014
512,01/05/2014,30/07/2014,025 Havey Plaza,21/09/2014,03/07/2014,665 Anthes Alley,14/09/2014
513,30/12/2014,26/11/2014,005 Ronald Regan Hill,29/12/2014,07/01/2015,0961 Graceland Point,17/07/2014
514,09/07/2014,01/09/2014,31 Gulseth Lane,01/04/2014,23/01/2015,97342 Orin Crossing,20/02/2015
515,26/09/2014,22/07/2014,30985 Sunfield Pass,17/05/2014,26/02/2015,034 7th Pass,25/05/2014
516,05/09/2014,20/01/2015,0 Fordem Hill,24/06/2014,23/12/2014,291 Old Shore Street,21/02/2015
517,25/12/2014,01/11/2014,8933 Morrow Park,29/05/2014,26/11/2014,1 Delladonna Terrace,24/08/2014
518,07/04/2014,06/04/2014,174 Blackbird Street,21/06/2014,24/10/2014,6062 Shelley Park,16/08/2014
519,13/01/2015,22/12/2014,07 Clemons Point,04/10/2014,07/12/2014,1323 East Circle,14/09/2014
520,25/08/2014,10/11/2014,84 Bluejay Circle,28/04/2014,14/12/2014,95898 Basil Alley,30/08/2014
521,16/05/2014,29/07/2014,788 Thackeray Parkway,09/04/2014,14/07/2014,8140 Bay Terrace,06/04/2014
522,12/11/2014,10/02/2015,92697 Macpherson Lane,06/01/2015,20/11/2014,55443 Crownhardt Crossing,23/02/2015
523,14/05/2014,20/08/2014,770 Sauthoff Alley,26/04/2014,05/03/2014,32 Annamark Street,11/01/2015
524,29/07/2014,04/12/2014,70 Ryan Alley,13/03/2014,27/11/2014,119 Mosinee Trail,05/05/2014
525,13/11/2014,11/12/2014,64699 Rusk Circle,26/03/2014,07/12/2014,0704 Gulseth Center,06/10/2014
526,04/05/2014,20/09/2014,26729 Caliangt Road,13/09/2014,24/01/2015,23 Banding Drive,19/12/2014
527,16/10/2014,19/02/2015,31362 Barby Terrace,25/09/2014,05/10/2014,3422 Ridgeway Trail,18/01/2015
528,10/12/2014,31/08/2014,62396 Michigan Road,03/04/2014,11/01/2015,3093 Harbort Crossing,02/06/2014
529,04/06/2014,07/02/2015,2 Carberry Crossing,10/08/2014,02/02/2015,9693 Kingsford Trail,04/05/2014
530,28/09/2014,20/09/2014,91600 Jackson Hill,12/06/2014,30/07/2014,8 Manitowish Plaza,10/08/2014
531,07/11/2014,12/04/2014,3687 Kingsford Avenue,19/03/2014,26/06/2014,2 Hanson Street,27/03/2014
532,26/05/2014,31/01/2015,48 Vera Way,19/10/2014,21/06/2014,869 Riverside Court,24/05/2014
533,19/02/2015,02/02/2015,1 Johnson Way,17/07/2014,21/10/2014,230 Fieldstone Junction,22/08/2014
534,23/04/2014,20/09/2014,3 Nova Park,04/01/2015,12/07/2014,07 Pond Park,02/08/2014
535,19/02/2015,23/02/2015,3 Burning Wood Terrace,28/01/2015,02/06/2014,76501 Susan Point,10/07/2014
536,21/03/2014,29/09/2014,13761 Pleasure Terrace,16/08/2014,16/07/2014,99 Lindbergh Street,02/07/2014
537,23/07/2014,28/04/2014,57564 Hanson Trail,12/12/2014,20/07/2014,75 Columbus Drive,13/12/2014
538,29/06/2014,16/04/2014,001 Park Meadow Parkway,11/12/2014,13/10/2014,9 Brown Circle,16/09/2014
539,01/06/2014,29/12/2014,1355 Longview Road,04/04/2014,25/10/2014,4462 Westend Street,14/04/2014
540,03/09/2014,12/01/2015,17809 Badeau Avenue,03/07/2014,13/01/2015,02 Bashford Place,24/06/2014
541,06/12/2014,04/06/2014,9 Atwood Lane,22/01/2015,23/09/2014,1482 7th Junction,19/05/2014
542,10/07/2014,17/09/2014,97571 Cottonwood Court,16/06/2014,21/04/2014,15668 1st Court,03/12/2014
543,10/09/2014,06/06/2014,5 Shoshone Drive,29/01/2015,13/12/2014,24 Charing Cross Circle,27/08/2014
544,30/07/2014,16/05/2014,73 Vidon Way,17/02/2015,20/04/2014,04290 Green Ridge Terrace,31/01/2015
545,04/03/2014,30/04/2014,3 Oxford Plaza,23/01/2015,02/12/2014,92982 Kinsman Pass,15/12/2014
546,15/02/2015,07/08/2014,3 Monica Court,16/04/2014,17/08/2014,48237 Forest Run Parkway,28/08/2014
547,11/08/2014,26/04/2014,89560 Vernon Junction,07/12/2014,03/01/2015,46933 Scoville Street,01/07/2014
548,13/09/2014,09/07/2014,723 Scott Place,12/01/2015,24/07/2014,71294 Eggendart Place,22/08/2014
549,05/11/2014,25/01/2015,5614 Messerschmidt Alley,26/08/2014,03/06/2014,452 Mitchell Circle,22/02/2015
550,03/06/2014,20/11/2014,739 Hagan Terrace,04/02/2015,23/02/2015,617 Gateway Center,01/03/2014
551,26/08/2014,13/11/2014,3188 Linden Place,24/11/2014,29/12/2014,2 Melrose Trail,15/06/2014
552,24/02/2015,10/06/2014,6 Brentwood Street,22/07/2014,14/03/2014,90 Randy Hill,30/11/2014
553,13/12/2014,30/11/2014,71788 Kipling Trail,24/12/2014,28/08/2014,133 Parkside Plaza,14/06/2014
554,25/10/2014,08/07/2014,7640 Mandrake Way,01/05/2014,18/04/2014,7636 Summerview Plaza,18/01/2015
555,04/12/2014,03/01/2015,3645 Vernon Alley,20/01/2015,03/06/2014,177 Northport Plaza,06/10/2014
556,10/10/2014,18/07/2014,2 Buell Parkway,15/11/2014,29/12/2014,8 Kinsman Crossing,29/08/2014
557,20/09/2014,01/09/2014,1740 Melrose Way,17/05/2014,16/10/2014,954 Monument Place,12/01/2015
558,31/10/2014,20/09/2014,8 Esch Street,20/01/2015,06/07/2014,9 Hoffman Point,22/12/2014
559,30/09/2014,20/02/2015,81 Texas Street,05/05/2014,27/11/2014,252 Lerdahl Park,01/11/2014
560,18/11/2014,14/11/2014,7 Bunker Hill Avenue,23/06/2014,16/06/2014,51581 Lotheville Road,02/06/2014
561,22/10/2014,02/04/2014,18059 Oneill Lane,26/11/2014,24/05/2014,092 Thompson Park,27/12/2014
562,29/06/2014,11/04/2014,86334 Claremont Crossing,12/09/2014,22/07/2014,146 Calypso Road,12/08/2014
563,17/11/2014,29/10/2014,89858 Lien Drive,21/07/2014,22/07/2014,10 Fair Oaks Drive,07/04/2014
564,05/06/2014,18/01/2015,9 Onsgard Way,04/09/2014,18/04/2014,50287 Bunting Terrace,09/11/2014
565,11/12/2014,12/03/2014,0 Caliangt Hill,10/07/2014,26/03/2014,376 Old Gate Parkway,09/10/2014
566,28/05/2014,29/12/2014,67 American Terrace,12/02/2015,05/10/2014,0004 Karstens Point,24/12/2014
567,08/01/2015,20/02/2015,5983 Raven Avenue,12/03/2014,18/05/2014,32 Arkansas Place,20/07/2014
568,04/05/2014,28/09/2014,42 Boyd Crossing,03/12/2014,04/05/2014,9 Stoughton Place,23/06/2014
569,28/10/2014,13/06/2014,86709 Tony Alley,19/09/2014,12/09/2014,59 Oakridge Lane,17/04/2014
570,18/10/2014,04/04/2014,09 Onsgard Avenue,28/01/2015,07/02/2015,0 Forest Trail,26/06/2014
571,25/01/2015,27/03/2014,3122 Arizona Crossing,18/09/2014,12/04/2014,36252 Merry Park,25/09/2014
572,13/04/2014,02/09/2014,84202 Logan Pass,19/04/2014,02/11/2014,58 Roxbury Alley,25/08/2014
573,18/11/2014,17/04/2014,3 Bluejay Center,30/06/2014,26/02/2015,39 Washington Circle,01/05/2014
574,26/08/2014,30/01/2015,067 Ruskin Point,06/07/2014,29/11/2014,0044 Heffernan Pass,03/03/2014
575,23/06/2014,15/12/2014,0484 International Alley,13/11/2014,03/03/2014,96 Amoth Parkway,19/07/2014
576,14/09/2014,28/05/2014,4929 Sundown Plaza,05/10/2014,05/06/2014,7 Welch Center,14/08/2014
577,15/05/2014,01/07/2014,9039 Lerdahl Pass,31/12/2014,19/07/2014,5 Memorial Parkway,30/07/2014
578,27/09/2014,25/07/2014,20 Eliot Drive,31/01/2015,11/10/2014,35 Farwell Hill,14/01/2015
579,14/12/2014,12/07/2014,27632 Columbus Court,20/11/2014,06/06/2014,6 Oak Trail,17/09/2014
580,12/04/2014,23/10/2014,342 Melvin Center,01/11/2014,20/10/2014,80 Toban Place,02/08/2014
581,04/01/2015,21/04/2014,662 Monterey Road,07/03/2014,25/05/2014,0 Basil Place,21/11/2014
582,21/01/2015,12/10/2014,4683 Vernon Place,15/05/2014,08/01/2015,390 Vernon Alley,10/10/2014
583,24/07/2014,02/06/2014,510 Barnett Trail,19/09/2014,31/03/2014,2 Donald Pass,05/10/2014
584,27/03/2014,03/03/2014,9666 Cascade Trail,30/07/2014,16/09/2014,555 Esch Point,22/12/2014
585,29/09/2014,27/05/2014,9 Coolidge Plaza,25/05/2014,20/10/2014,0 Surrey Park,12/03/2014
586,07/09/2014,21/11/2014,2 Maywood Terrace,19/02/2015,29/06/2014,250 Helena Way,20/10/2014
587,02/09/2014,12/12/2014,6683 Waxwing Crossing,27/03/2014,19/09/2014,4158 Banding Way,26/01/2015
588,10/11/2014,02/10/2014,8384 South Road,12/05/2014,23/10/2014,704 Donald Road,08/05/2014
589,21/09/2014,07/04/2014,76319 Myrtle Hill,05/07/2014,23/02/2015,145 Harper Road,09/05/2014
590,09/04/2014,19/08/2014,8410 Oak Valley Road,23/06/2014,26/11/2014,51018 Toban Drive,25/06/2014
591,07/08/2014,09/11/2014,50 Amoth Drive,01/03/2014,06/07/2014,4 Holy Cross Road,23/04/2014
592,18/09/2014,25/03/2014,79 Lindbergh Circle,06/11/2014,19/02/2015,389 Mandrake Lane,21/02/2015
593,03/06/2014,21/11/2014,2 Orin Plaza,09/03/2014,16/12/2014,6879 Steensland Place,16/12/2014
594,24/05/2014,10/12/2014,1 Lake View Center,01/05/2014,09/12/2014,440 Glacier Hill Plaza,26/09/2014
595,16/12/2014,17/02/2015,713 Longview Way,29/10/2014,17/10/2014,162 Veith Avenue,14/02/2015
596,02/09/2014,05/11/2014,319 Melby Center,29/06/2014,04/04/2014,98628 Monterey Street,08/11/2014
597,25/03/2014,21/08/2014,3459 Washington Pass,21/09/2014,13/06/2014,110 Scofield Avenue,27/06/2014
598,15/12/2014,15/06/2014,353 Maple Pass,26/08/2014,22/02/2015,7722 Sunbrook Place,01/10/2014
599,11/08/2014,08/10/2014,55336 Stuart Parkway,06/11/2014,04/08/2014,479 Basil Court,16/03/2014
600,25/11/2014,08/07/2014,4485 Eastlawn Lane,24/05/2014,07/06/2014,9 Stoughton Plaza,16/02/2015
601,30/03/2014,02/08/2014,5 Fordem Parkway,16/10/2014,23/07/2014,0 Almo Alley,24/08/2014
602,20/01/2015,29/04/2014,993 Claremont Pass,09/07/2014,26/06/2014,42 Becker Parkway,01/11/2014
603,10/07/2014,23/09/2014,71 Saint Paul Crossing,02/07/2014,18/06/2014,47 Portage Drive,07/05/2014
604,20/09/2014,10/09/2014,9 Lotheville Place,23/01/2015,08/08/2014,26184 Hoard Street,16/12/2014
605,12/08/2014,02/05/2014,10566 Quincy Plaza,03/07/2014,07/09/2014,053 Crownhardt Avenue,06/02/2015
606,04/05/2014,15/06/2014,85323 Gulseth Road,13/07/2014,26/12/2014,118 Muir Junction,05/12/2014
607,04/01/2015,10/09/2014,32 Glendale Trail,06/07/2014,10/12/2014,2558 Moulton Point,25/01/2015
608,11/01/2015,13/09/2014,447 Knutson Pass,16/05/2014,18/12/2014,57 Heffernan Alley,28/06/2014
609,28/07/2014,23/06/2014,195 Cordelia Parkway,05/12/2014,31/07/2014,13 Kingsford Plaza,09/09/2014
610,14/01/2015,17/11/2014,0330 Hudson Plaza,28/10/2014,19/02/2015,5 Autumn Leaf Drive,29/01/2015
611,04/02/2015,08/08/2014,4187 East Street,14/10/2014,04/11/2014,8365 Hanover Drive,13/10/2014
612,16/05/2014,09/08/2014,78879 Veith Street,04/06/2014,10/01/2015,33 Grasskamp Plaza,05/10/2014
613,10/12/2014,07/10/2014,7271 Dapin Point,16/09/2014,01/08/2014,011 Rutledge Crossing,04/06/2014
614,04/06/2014,24/09/2014,04 Reinke Trail,17/01/2015,05/12/2014,5 Moulton Plaza,13/02/2015
615,02/08/2014,01/06/2014,4388 Eastwood Junction,24/02/2015,11/10/2014,27776 Rigney Drive,25/07/2014
616,10/11/2014,27/08/2014,3 Sachs Terrace,07/09/2014,20/01/2015,898 Maywood Trail,29/01/2015
617,07/10/2014,12/03/2014,1675 Calypso Point,18/08/2014,21/05/2014,86441 Bowman Avenue,12/12/2014
618,15/02/2015,28/01/2015,3 Montana Street,13/02/2015,01/04/2014,67220 Cardinal Pass,25/07/2014
619,09/08/2014,27/10/2014,16 Hermina Place,13/07/2014,15/03/2014,036 Miller Drive,10/05/2014
620,22/12/2014,21/02/2015,0 Maple Avenue,03/12/2014,15/08/2014,10 Caliangt Road,23/12/2014
621,12/06/2014,23/05/2014,76 Havey Pass,14/01/2015,14/07/2014,8 Farmco Avenue,21/03/2014
622,21/06/2014,01/10/2014,7 Michigan Terrace,27/03/2014,19/04/2014,058 Tomscot Junction,03/07/2014
623,09/10/2014,06/05/2014,1 Harper Park,27/08/2014,18/11/2014,79885 Holy Cross Trail,12/12/2014
624,19/10/2014,11/12/2014,5 Lawn Circle,02/04/2014,12/11/2014,2 Pond Way,01/04/2014
625,21/02/2015,04/11/2014,7 Weeping Birch Road,17/10/2014,10/12/2014,3 Scott Hill,05/06/2014
626,02/07/2014,14/08/2014,910 Garrison Hill,01/03/2014,19/08/2014,5440 Hanover Center,08/01/2015
627,09/08/2014,01/08/2014,5677 Hovde Parkway,05/03/2014,18/07/2014,26 Forster Lane,15/11/2014
628,07/06/2014,20/12/2014,385 Reinke Road,12/10/2014,01/09/2014,0540 Eastwood Parkway,10/12/2014
629,28/05/2014,20/06/2014,4925 Annamark Court,27/09/2014,25/04/2014,25 Stuart Hill,25/07/2014
630,27/03/2014,02/02/2015,6 Parkside Trail,09/08/2014,01/08/2014,44087 Brickson Park Circle,24/07/2014
631,11/09/2014,24/12/2014,3502 Mallard Crossing,19/05/2014,14/05/2014,411 North Center,25/01/2015
632,25/08/2014,20/06/2014,73290 Forest Crossing,13/02/2015,30/08/2014,59 Green Crossing,27/08/2014
633,26/07/2014,21/01/2015,33428 Towne Circle,16/06/2014,10/08/2014,02010 Carioca Avenue,17/12/2014
634,20/09/2014,12/05/2014,54059 Birchwood Center,11/10/2014,10/10/2014,8 Walton Pass,20/06/2014
635,08/10/2014,22/09/2014,6 Texas Point,27/11/2014,08/12/2014,32 4th Crossing,06/05/2014
636,14/08/2014,14/11/2014,77340 Summerview Way,12/02/2015,14/02/2015,25895 Pierstorff Parkway,05/09/2014
637,25/04/2014,20/02/2015,4 Heffernan Avenue,15/03/2014,14/08/2014,07506 Vermont Plaza,27/02/2015
638,25/01/2015,23/06/2014,64453 Merry Alley,04/01/2015,23/05/2014,5 Mandrake Place,09/06/2014
639,24/03/2014,23/01/2015,18825 Knutson Parkway,19/10/2014,18/03/2014,7 Vermont Place,30/04/2014
640,23/05/2014,24/06/2014,955 Scofield Circle,09/05/2014,24/01/2015,0 Gerald Point,12/01/2015
641,04/08/2014,03/02/2015,3 Dakota Lane,21/09/2014,02/09/2014,5 Morrow Junction,08/03/2014
642,17/12/2014,16/05/2014,2 Maple Wood Crossing,28/06/2014,17/07/2014,5048 School Point,08/04/2014
643,05/05/2014,26/04/2014,560 Del Mar Street,20/07/2014,04/02/2015,8332 Blaine Terrace,27/10/2014
644,10/02/2015,09/03/2014,04 Morrow Road,10/12/2014,26/08/2014,24404 4th Hill,11/06/2014
645,13/09/2014,05/12/2014,483 Mallory Avenue,19/09/2014,07/08/2014,9464 Schurz Park,10/01/2015
646,14/06/2014,15/06/2014,6607 Harper Hill,17/10/2014,22/08/2014,5797 Doe Crossing Way,08/11/2014
647,19/10/2014,02/01/2015,69095 Sloan Alley,18/03/2014,18/11/2014,47 Upham Drive,03/05/2014
648,26/09/2014,06/08/2014,1 Eagan Drive,18/06/2014,04/08/2014,9 Commercial Crossing,13/10/2014
649,20/01/2015,27/05/2014,50664 La Follette Plaza,18/04/2014,17/04/2014,475 Leroy Terrace,06/02/2015
650,12/06/2014,08/12/2014,79 Parkside Road,07/05/2014,05/06/2014,64484 Evergreen Junction,01/08/2014
651,16/02/2015,31/08/2014,5 Westerfield Trail,01/05/2014,25/12/2014,738 Warbler Alley,13/08/2014
652,12/12/2014,09/02/2015,77 Stone Corner Junction,11/02/2015,08/11/2014,6 Summerview Circle,23/12/2014
653,08/12/2014,24/07/2014,3328 Maple Center,30/11/2014,13/11/2014,4 3rd Center,13/11/2014
654,09/01/2015,14/02/2015,342 Buena Vista Center,17/11/2014,22/07/2014,6801 Forest Dale Point,24/05/2014
655,06/01/2015,24/08/2014,504 Schmedeman Plaza,05/06/2014,09/08/2014,516 Upham Hill,09/07/2014
656,07/11/2014,09/11/2014,54 Sloan Street,15/01/2015,15/08/2014,85621 School Avenue,19/03/2014
657,21/09/2014,12/11/2014,4795 Marcy Street,03/09/2014,06/09/2014,4958 Tomscot Alley,28/07/2014
658,05/02/2015,21/03/2014,606 Bay Circle,02/06/2014,02/12/2014,9598 Anhalt Circle,06/10/2014
659,25/05/2014,15/08/2014,48286 Sunbrook Way,26/01/2015,15/12/2014,67 Loomis Pass,23/01/2015
660,01/06/2014,14/01/2015,4 Thompson Place,23/03/2014,27/06/2014,54 Emmet Crossing,30/03/2014
661,02/08/2014,01/03/2014,15184 Mallory Way,19/01/2015,19/04/2014,41 Duke Crossing,15/04/2014
662,22/07/2014,09/04/2014,99199 Sherman Trail,11/11/2014,26/12/2014,27 Debra Street,03/11/2014
663,23/06/2014,04/09/2014,169 Kim Avenue,22/08/2014,28/07/2014,4863 Dahle Junction,22/07/2014
664,04/05/2014,18/08/2014,752 Bluejay Avenue,17/09/2014,03/05/2014,33063 Comanche Court,05/04/2014
665,06/07/2014,14/08/2014,26805 Mariners Cove Court,22/10/2014,22/12/2014,06 Gale Trail,13/05/2014
666,01/04/2014,23/12/2014,569 Almo Court,05/03/2014,18/02/2015,32419 Dennis Alley,10/06/2014
667,16/07/2014,07/12/2014,1277 Ronald Regan Drive,27/01/2015,13/05/2014,28958 Blue Bill Park Pass,03/09/2014
668,21/01/2015,17/07/2014,630 Dwight Drive,29/08/2014,12/04/2014,687 Declaration Hill,16/02/2015
669,05/11/2014,31/10/2014,6851 Schmedeman Junction,28/05/2014,30/10/2014,219 Hovde Way,19/05/2014
670,20/08/2014,17/09/2014,49664 Ridgeview Crossing,28/03/2014,19/06/2014,492 Esch Parkway,08/12/2014
671,04/07/2014,24/11/2014,48947 Cambridge Park,09/11/2014,14/12/2014,4772 Arkansas Parkway,20/10/2014
672,10/12/2014,13/07/2014,0 Stone Corner Trail,08/03/2014,13/11/2014,9 Glacier Hill Parkway,23/07/2014
673,26/10/2014,17/06/2014,438 Vermont Junction,17/04/2014,05/06/2014,4 Fordem Crossing,04/02/2015
674,09/12/2014,13/07/2014,768 East Avenue,03/11/2014,23/02/2015,67 Springs Crossing,18/03/2014
675,18/11/2014,07/07/2014,3 Bashford Lane,18/04/2014,29/10/2014,1815 Tomscot Pass,04/02/2015
676,24/09/2014,30/09/2014,88888 Goodland Court,04/10/2014,12/04/2014,4997 Fulton Alley,04/11/2014
677,29/12/2014,13/07/2014,425 Northfield Junction,17/08/2014,01/08/2014,60 Dorton Road,28/06/2014
678,08/03/2014,22/05/2014,2 Sachs Trail,10/07/2014,06/06/2014,26 Delaware Road,09/01/2015
679,29/09/2014,03/11/2014,78 Anthes Parkway,12/02/2015,30/05/2014,0 Sauthoff Circle,24/05/2014
680,13/09/2014,13/05/2014,28 Valley Edge Lane,17/12/2014,16/04/2014,9819 New Castle Crossing,07/01/2015
681,27/01/2015,29/05/2014,0 Shopko Circle,16/02/2015,06/05/2014,94070 Morning Road,05/03/2014
682,16/08/2014,10/08/2014,693 Florence Place,02/09/2014,05/11/2014,71403 Moulton Road,06/12/2014
683,04/01/2015,27/03/2014,3859 Schmedeman Drive,06/08/2014,22/06/2014,3 Rusk Avenue,21/09/2014
684,21/12/2014,10/06/2014,8 Service Point,07/05/2014,29/11/2014,92 Dahle Center,15/09/2014
685,22/11/2014,13/02/2015,0 Pine View Hill,09/03/2014,18/10/2014,9107 Cody Center,07/12/2014
686,31/07/2014,25/10/2014,6 Darwin Point,19/12/2014,08/07/2014,99446 Kennedy Parkway,06/09/2014
687,16/05/2014,11/05/2014,36710 Hooker Point,13/03/2014,08/12/2014,55 Bayside Center,01/09/2014
688,13/10/2014,13/11/2014,8437 Bultman Court,29/04/2014,07/05/2014,940 Crownhardt Park,01/12/2014
689,07/07/2014,14/07/2014,97103 Muir Place,12/04/2014,08/11/2014,2209 Emmet Plaza,15/05/2014
690,13/10/2014,04/06/2014,9 Tennessee Terrace,08/01/2015,15/10/2014,396 Saint Paul Plaza,19/02/2015
691,03/09/2014,26/04/2014,8316 Dixon Point,15/09/2014,29/12/2014,35443 Drewry Pass,11/08/2014
692,05/06/2014,24/11/2014,3543 Basil Crossing,23/04/2014,17/03/2014,750 Upham Road,24/12/2014
693,26/12/2014,12/06/2014,1434 Oxford Way,15/09/2014,22/03/2014,3 Veith Parkway,04/01/2015
694,26/05/2014,26/03/2014,093 Hollow Ridge Hill,19/08/2014,12/09/2014,3 Scott Trail,06/04/2014
695,07/05/2014,18/10/2014,56 Fairfield Hill,14/02/2015,24/04/2014,84555 Valley Edge Road,24/08/2014
696,09/06/2014,08/01/2015,9 Anderson Drive,15/09/2014,18/05/2014,4 Spenser Pass,09/07/2014
697,06/12/2014,06/09/2014,7375 Luster Hill,12/05/2014,26/05/2014,9434 Stang Crossing,27/09/2014
698,19/04/2014,04/09/2014,5 Corry Trail,29/03/2014,06/02/2015,30 Hoepker Street,17/02/2015
699,16/05/2014,25/01/2015,3 Paget Avenue,20/06/2014,23/11/2014,9520 Basil Way,23/05/2014
700,30/01/2015,04/05/2014,24 Commercial Trail,20/11/2014,24/05/2014,32 Schiller Road,13/11/2014
701,14/03/2014,30/09/2014,64 Forest Run Junction,26/04/2014,27/03/2014,7757 6th Trail,08/09/2014
702,07/10/2014,03/06/2014,8840 Monica Alley,14/09/2014,16/04/2014,72 Hauk Trail,13/03/2014
703,07/03/2014,16/07/2014,1572 Golden Leaf Pass,05/02/2015,29/08/2014,84672 Tennyson Junction,01/11/2014
704,29/05/2014,19/04/2014,13208 Chinook Road,24/11/2014,06/07/2014,8555 Victoria Pass,22/06/2014
705,20/07/2014,08/05/2014,86000 Clyde Gallagher Trail,08/09/2014,03/07/2014,48590 Butternut Pass,13/04/2014
706,12/02/2015,11/08/2014,4 Warrior Trail,12/05/2014,22/08/2014,88004 Vahlen Avenue,09/01/2015
707,21/01/2015,09/08/2014,49499 Lakeland Crossing,05/06/2014,24/04/2014,5 Nova Circle,13/05/2014
708,24/10/2014,09/01/2015,167 Fisk Road,16/04/2014,08/04/2014,902 Holmberg Alley,13/05/2014
709,01/08/2014,06/08/2014,11 Florence Circle,26/05/2014,30/09/2014,0843 Dixon Place,06/06/2014
710,22/09/2014,21/06/2014,33 Bashford Junction,09/08/2014,07/08/2014,1 Hoard Lane,10/09/2014
711,12/12/2014,02/07/2014,29 Sachtjen Plaza,22/12/2014,27/10/2014,1 Manufacturers Way,18/12/2014
712,29/07/2014,18/05/2014,95884 Twin Pines Center,09/03/2014,19/05/2014,13 Oakridge Crossing,09/10/2014
713,23/10/2014,23/12/2014,327 Dottie Center,29/07/2014,20/01/2015,788 Toban Drive,16/02/2015
714,16/08/2014,18/06/2014,398 Darwin Way,09/03/2014,24/11/2014,24 Schurz Center,16/08/2014
715,02/11/2014,10/07/2014,1773 Holy Cross Avenue,08/10/2014,10/08/2014,79862 Center Plaza,28/11/2014
716,18/01/2015,05/02/2015,79248 Milwaukee Way,13/04/2014,28/06/2014,68503 Crownhardt Hill,05/12/2014
717,23/03/2014,10/12/2014,0309 Meadow Ridge Park,31/12/2014,06/07/2014,87 Badeau Drive,10/01/2015
718,25/05/2014,22/10/2014,3510 Rowland Road,30/03/2014,12/12/2014,24246 Wayridge Road,27/06/2014
719,28/11/2014,21/10/2014,22192 Burrows Road,11/03/2014,22/06/2014,12 Village Green Point,25/09/2014
720,09/08/2014,24/03/2014,39715 Fallview Point,02/12/2014,18/04/2014,205 Clyde Gallagher Road,25/01/2015
721,29/09/2014,29/12/2014,412 Sommers Circle,07/01/2015,24/05/2014,0608 Pleasure Parkway,12/07/2014
722,17/02/2015,04/07/2014,4443 Anhalt Alley,31/07/2014,16/07/2014,71 Drewry Parkway,10/06/2014
723,15/10/2014,17/02/2015,6 Larry Point,30/05/2014,17/09/2014,634 Jay Pass,14/04/2014
724,25/07/2014,15/11/2014,6 Corry Crossing,31/10/2014,08/02/2015,42540 Towne Road,15/09/2014
725,07/07/2014,10/02/2015,69189 Karstens Alley,31/03/2014,16/10/2014,4545 Merry Parkway,05/07/2014
726,29/09/2014,10/03/2014,10601 Elgar Avenue,12/08/2014,07/05/2014,0 Sherman Park,04/08/2014
727,04/12/2014,04/04/2014,51043 Linden Hill,30/12/2014,27/02/2015,8 Orin Alley,23/06/2014
728,03/01/2015,03/09/2014,67306 Manufacturers Junction,24/01/2015,30/03/2014,7471 Eliot Road,04/03/2014
729,10/12/2014,16/06/2014,323 Garrison Way,17/06/2014,15/06/2014,8 Roxbury Center,18/04/2014
730,04/06/2014,16/02/2015,384 Macpherson Hill,26/03/2014,16/01/2015,91954 Marquette Terrace,24/12/2014
731,30/05/2014,07/08/2014,3059 Service Trail,16/08/2014,21/02/2015,285 Rockefeller Hill,24/12/2014
732,01/05/2014,06/07/2014,541 Green Parkway,29/09/2014,26/09/2014,7 International Crossing,22/02/2015
733,18/01/2015,15/10/2014,054 Cottonwood Plaza,22/08/2014,03/08/2014,858 Acker Terrace,05/10/2014
734,25/06/2014,28/08/2014,386 5th Junction,02/10/2014,15/01/2015,77 Shasta Lane,29/03/2014
735,06/11/2014,25/06/2014,15706 Redwing Pass,30/12/2014,15/01/2015,1059 Banding Drive,08/08/2014
736,13/03/2014,22/06/2014,02901 West Park,13/09/2014,03/03/2014,850 Brown Terrace,01/11/2014
737,08/05/2014,16/07/2014,11 Ridgeway Junction,28/11/2014,25/11/2014,50 Melrose Plaza,22/08/2014
738,11/01/2015,20/03/2014,43837 International Way,20/03/2014,03/02/2015,48 Rusk Crossing,24/08/2014
739,21/05/2014,11/09/2014,9827 Mendota Place,30/09/2014,14/06/2014,73772 Sauthoff Street,09/01/2015
740,24/06/2014,21/08/2014,7 Delladonna Pass,11/07/2014,22/04/2014,4 Nobel Lane,02/05/2014
741,11/08/2014,24/07/2014,472 Mccormick Park,19/06/2014,03/03/2014,5373 Namekagon Pass,20/08/2014
742,21/10/2014,30/06/2014,26997 Little Fleur Hill,20/03/2014,04/07/2014,297 Bartelt Hill,12/10/2014
743,08/03/2014,04/03/2014,68 Farwell Street,09/12/2014,05/02/2015,6769 Monterey Hill,29/01/2015
744,29/07/2014,23/04/2014,48097 Fairview Crossing,03/11/2014,13/06/2014,835 Burrows Park,31/05/2014
745,12/04/2014,22/12/2014,742 Delladonna Pass,28/05/2014,04/08/2014,3589 East Lane,05/04/2014
746,08/09/2014,12/11/2014,99 Forster Road,17/02/2015,24/01/2015,01801 Pine View Trail,02/06/2014
747,13/06/2014,16/10/2014,6 Oakridge Way,08/01/2015,18/07/2014,1 Roth Avenue,21/09/2014
748,09/10/2014,21/12/2014,20 Cody Point,19/08/2014,08/09/2014,4 Heath Alley,15/04/2014
749,21/01/2015,02/02/2015,185 Bartelt Hill,04/04/2014,20/11/2014,83336 Sundown Trail,02/08/2014
750,14/10/2014,25/07/2014,95970 8th Alley,21/08/2014,19/07/2014,54931 Clyde Gallagher Road,03/10/2014
751,10/05/2014,11/02/2015,081 Meadow Vale Parkway,13/07/2014,09/01/2015,067 Straubel Drive,16/06/2014
752,29/01/2015,21/10/2014,1 Jay Plaza,08/04/2014,20/09/2014,124 4th Way,26/05/2014
753,03/03/2014,11/12/2014,75960 Autumn Leaf Court,09/11/2014,11/07/2014,7935 Sundown Center,02/12/2014
754,26/11/2014,31/03/2014,8 Village Green Lane,23/12/2014,14/11/2014,9 Fulton Hill,30/11/2014
755,17/09/2014,21/05/2014,8 Merrick Avenue,31/05/2014,12/10/2014,9101 Nova Street,17/04/2014
756,06/05/2014,15/06/2014,8410 Texas Plaza,15/08/2014,31/01/2015,9 Fremont Drive,10/11/2014
757,24/08/2014,01/03/2014,6518 Birchwood Avenue,12/11/2014,26/08/2014,39 Paget Alley,13/08/2014
758,12/11/2014,26/04/2014,88 Cascade Hill,08/03/2014,27/02/2015,3851 Holmberg Lane,06/10/2014
759,08/11/2014,22/07/2014,0031 Florence Trail,25/12/2014,27/04/2014,28842 Graedel Place,13/01/2015
760,25/07/2014,30/08/2014,81 Bunting Plaza,17/11/2014,15/04/2014,416 Myrtle Park,30/06/2014
761,22/05/2014,17/09/2014,809 Village Green Pass,10/02/2015,20/03/2014,1032 Buena Vista Center,02/08/2014
762,09/10/2014,11/12/2014,4 Northwestern Way,18/10/2014,30/06/2014,19 Novick Junction,15/02/2015
763,27/10/2014,07/11/2014,62 Hermina Lane,25/08/2014,02/08/2014,2201 Clarendon Junction,09/11/2014
764,09/08/2014,09/09/2014,47349 Walton Drive,03/01/2015,18/04/2014,3285 Redwing Hill,08/04/2014
765,04/12/2014,16/04/2014,263 Red Cloud Pass,08/11/2014,09/08/2014,12 Hanson Park,15/01/2015
766,17/01/2015,11/01/2015,2166 Darwin Circle,12/01/2015,22/07/2014,142 Village Green Terrace,15/11/2014
767,10/06/2014,21/11/2014,2 Bashford Trail,06/06/2014,23/05/2014,95 Drewry Place,29/07/2014
768,20/10/2014,28/11/2014,662 Shopko Alley,05/01/2015,07/05/2014,37 Stoughton Way,22/09/2014
769,30/06/2014,28/10/2014,585 Nancy Terrace,08/02/2015,14/05/2014,221 Grayhawk Terrace,10/02/2015
770,20/08/2014,17/12/2014,05082 Mccormick Terrace,23/01/2015,26/07/2014,096 Algoma Avenue,22/04/2014
771,06/03/2014,07/05/2014,2736 Stang Road,18/09/2014,05/08/2014,002 Dapin Junction,03/10/2014
772,11/12/2014,21/07/2014,21820 Golf Point,08/09/2014,02/01/2015,50 Almo Center,22/09/2014
773,21/07/2014,17/06/2014,01 Brown Center,13/10/2014,15/11/2014,8 Pond Lane,04/12/2014
774,21/09/2014,22/05/2014,4 Armistice Center,17/11/2014,22/12/2014,67 Butternut Lane,09/01/2015
775,07/02/2015,29/03/2014,64746 Susan Trail,10/02/2015,19/07/2014,96486 Melvin Center,22/10/2014
776,25/12/2014,08/11/2014,56 Fordem Terrace,08/09/2014,10/10/2014,1 Garrison Park,09/02/2015
777,19/02/2015,01/11/2014,30348 Milwaukee Center,12/10/2014,21/05/2014,02 Harbort Center,04/12/2014
778,16/01/2015,19/12/2014,05 Lukken Park,10/09/2014,01/02/2015,5644 Pankratz Drive,26/09/2014
779,16/11/2014,23/10/2014,3 Bluejay Center,08/01/2015,06/09/2014,43 Myrtle Road,12/05/2014
780,12/03/2014,05/06/2014,848 Waxwing Terrace,08/01/2015,07/08/2014,09302 Declaration Parkway,19/05/2014
781,27/11/2014,16/09/2014,36 Cascade Drive,05/09/2014,28/11/2014,7998 Superior Point,14/09/2014
782,11/06/2014,26/03/2014,3748 Ronald Regan Road,14/09/2014,12/01/2015,2571 Sycamore Junction,17/11/2014
783,19/11/2014,07/09/2014,23 Brown Point,09/12/2014,08/04/2014,5432 Westport Road,01/02/2015
784,14/08/2014,27/02/2015,9266 Bartelt Park,20/06/2014,10/12/2014,307 Loeprich Center,22/05/2014
785,18/06/2014,15/06/2014,936 Sunbrook Way,18/10/2014,14/07/2014,819 Truax Circle,12/12/2014
786,22/05/2014,30/07/2014,3 Green Terrace,03/03/2014,07/07/2014,8861 Veith Plaza,17/01/2015
787,31/03/2014,02/09/2014,4 Hollow Ridge Hill,15/08/2014,09/03/2014,2242 Esch Trail,30/04/2014
788,16/08/2014,25/04/2014,74540 Merry Park,27/05/2014,14/12/2014,39 Mayer Park,27/06/2014
789,29/04/2014,02/02/2015,30 Continental Drive,04/12/2014,25/04/2014,6016 Wayridge Way,23/03/2014
790,31/07/2014,21/07/2014,648 Grim Hill,14/08/2014,15/02/2015,3466 Namekagon Place,17/03/2014
791,20/01/2015,10/07/2014,0 Lighthouse Bay Hill,04/03/2014,04/06/2014,3704 Hallows Street,20/10/2014
792,22/09/2014,30/10/2014,79877 Eliot Place,09/05/2014,07/09/2014,200 Everett Street,05/05/2014
793,08/11/2014,15/05/2014,6389 Tony Hill,01/04/2014,19/04/2014,533 South Avenue,07/05/2014
794,05/02/2015,28/08/2014,800 Veith Road,22/09/2014,18/06/2014,12323 Mallard Avenue,24/11/2014
795,11/09/2014,11/12/2014,17473 Mallory Pass,26/11/2014,25/10/2014,22 Susan Road,17/09/2014
796,17/03/2014,02/08/2014,9858 Lyons Lane,02/03/2014,26/08/2014,83481 Moose Terrace,17/01/2015
797,24/05/2014,14/05/2014,4 Crowley Hill,21/11/2014,17/10/2014,80392 Vermont Avenue,27/09/2014
798,20/12/2014,04/08/2014,24814 Dorton Pass,04/09/2014,21/03/2014,51898 Victoria Park,30/07/2014
799,06/02/2015,15/12/2014,339 Nancy Court,30/12/2014,20/02/2015,973 La Follette Center,11/01/2015
800,31/07/2014,05/11/2014,71996 Raven Crossing,19/02/2015,20/04/2014,976 Muir Terrace,26/07/2014
801,21/12/2014,07/07/2014,7 Lighthouse Bay Junction,26/07/2014,12/06/2014,40 Old Shore Street,30/10/2014
802,22/04/2014,03/02/2015,3772 6th Circle,24/04/2014,13/02/2015,56355 Dovetail Trail,21/09/2014
803,06/05/2014,20/02/2015,7 Knutson Hill,12/07/2014,17/04/2014,0332 Crownhardt Road,02/09/2014
804,05/03/2014,23/02/2015,01547 Eagle Crest Court,15/09/2014,17/06/2014,86401 Jay Place,27/02/2015
805,14/05/2014,17/01/2015,05 American Ash Court,11/01/2015,01/04/2014,6753 Grayhawk Point,01/04/2014
806,26/07/2014,22/10/2014,5 Darwin Lane,19/03/2014,30/12/2014,75 Morningstar Pass,18/02/2015
807,18/03/2014,24/01/2015,302 Johnson Center,01/12/2014,16/02/2015,27 Veith Place,26/12/2014
808,02/08/2014,14/02/2015,30799 Pawling Point,23/06/2014,11/02/2015,2 Fairfield Place,26/01/2015
809,08/09/2014,28/11/2014,423 Roxbury Park,28/09/2014,22/06/2014,3 Moose Plaza,26/12/2014
810,23/10/2014,31/01/2015,249 Bonner Terrace,13/10/2014,03/05/2014,7158 Mitchell Junction,31/12/2014
811,16/11/2014,18/10/2014,07183 Sheridan Lane,19/05/2014,19/11/2014,12607 Stuart Parkway,14/03/2014
812,24/07/2014,20/05/2014,492 Golf View Point,03/09/2014,04/06/2014,33 Warrior Terrace,09/03/2014
813,08/01/2015,07/10/2014,5 Sutherland Terrace,25/07/2014,04/02/2015,037 Northport Lane,30/09/2014
814,21/03/2014,19/01/2015,0 Prairieview Road,23/12/2014,16/05/2014,1 Chinook Plaza,08/01/2015
815,31/12/2014,07/03/2014,0351 Eastwood Place,14/04/2014,03/09/2014,04 Washington Parkway,29/01/2015
816,30/11/2014,20/10/2014,8 1st Lane,10/09/2014,07/08/2014,51203 Arapahoe Parkway,22/06/2014
817,25/11/2014,17/10/2014,85 Ryan Road,11/07/2014,21/08/2014,908 Rowland Crossing,12/06/2014
818,27/05/2014,29/03/2014,74 Waubesa Court,29/03/2014,16/04/2014,17 Mandrake Court,28/11/2014
819,30/04/2014,11/11/2014,4 Green Junction,22/04/2014,14/01/2015,9 Donald Street,17/07/2014
820,02/11/2014,06/07/2014,30 Messerschmidt Alley,03/10/2014,19/09/2014,1113 Warner Lane,22/01/2015
821,09/02/2015,29/08/2014,343 Pawling Road,29/06/2014,16/10/2014,1 Schurz Trail,21/06/2014
822,22/08/2014,03/02/2015,66551 Waywood Road,29/04/2014,28/01/2015,5306 Hintze Way,25/10/2014
823,22/12/2014,27/07/2014,7 Manufacturers Hill,17/11/2014,08/05/2014,87 Heath Alley,30/04/2014
824,03/09/2014,08/01/2015,61137 Chinook Junction,07/08/2014,02/07/2014,1 Waubesa Way,08/02/2015
825,19/12/2014,26/03/2014,385 Linden Center,21/03/2014,14/04/2014,12 Helena Avenue,17/12/2014
826,20/02/2015,04/11/2014,0652 Elgar Drive,05/02/2015,18/04/2014,4453 Lotheville Street,12/12/2014
827,17/11/2014,20/02/2015,3 Red Cloud Drive,25/02/2015,24/10/2014,76109 Center Road,27/02/2015
828,10/10/2014,01/11/2014,670 West Circle,16/11/2014,18/01/2015,47626 Little Fleur Drive,17/11/2014
829,28/12/2014,30/10/2014,035 Hanson Hill,25/02/2015,14/03/2014,69 Grayhawk Parkway,24/12/2014
830,01/03/2014,02/07/2014,6 4th Street,08/11/2014,25/08/2014,8099 Cardinal Way,03/07/2014
831,30/08/2014,19/02/2015,1958 Vermont Street,10/11/2014,14/08/2014,89457 Barnett Crossing,24/02/2015
832,13/04/2014,20/09/2014,66 New Castle Center,20/03/2014,03/08/2014,92993 Northview Junction,18/10/2014
833,26/08/2014,07/05/2014,10226 Springs Park,10/08/2014,03/09/2014,600 Annamark Trail,25/09/2014
834,07/04/2014,01/12/2014,334 Green Ridge Street,18/10/2014,26/03/2014,0 Meadow Vale Lane,06/01/2015
835,07/10/2014,19/01/2015,11575 Old Shore Drive,24/09/2014,10/09/2014,7 Schlimgen Junction,18/01/2015
836,23/07/2014,05/06/2014,052 Superior Crossing,24/12/2014,08/07/2014,34662 Brentwood Crossing,23/04/2014
837,10/12/2014,29/07/2014,9 Commercial Hill,20/01/2015,10/10/2014,72 Gina Junction,30/05/2014
838,10/12/2014,14/01/2015,4255 Transport Crossing,11/10/2014,04/04/2014,2 Jay Way,26/11/2014
839,16/03/2014,24/05/2014,0640 Harper Terrace,01/04/2014,13/07/2014,54 Di Loreto Circle,09/01/2015
840,14/01/2015,10/12/2014,22 Scott Hill,07/11/2014,26/09/2014,05 Sunfield Way,16/06/2014
841,10/01/2015,25/11/2014,53 Hintze Court,06/03/2014,27/04/2014,413 Walton Pass,07/12/2014
842,23/01/2015,10/07/2014,747 Butterfield Plaza,29/05/2014,30/03/2014,30 Shasta Place,25/12/2014
843,24/08/2014,09/11/2014,9 Thierer Junction,26/09/2014,16/03/2014,7 Schmedeman Point,03/01/2015
844,07/01/2015,08/03/2014,0801 Vernon Place,10/03/2014,21/06/2014,4750 Northview Point,11/07/2014
845,15/11/2014,18/05/2014,12146 Bunker Hill Drive,11/02/2015,17/10/2014,2 Kenwood Drive,05/10/2014
846,20/06/2014,14/04/2014,588 Raven Trail,06/04/2014,17/07/2014,790 Reinke Center,01/04/2014
847,24/03/2014,17/03/2014,8624 Tomscot Avenue,10/09/2014,11/12/2014,6 Meadow Vale Road,05/11/2014
848,30/11/2014,27/05/2014,4 Veith Plaza,08/10/2014,15/11/2014,28 Utah Lane,14/12/2014
849,20/08/2014,17/05/2014,83906 Hollow Ridge Center,22/03/2014,08/01/2015,57809 Derek Park,14/04/2014
850,14/10/2014,23/07/2014,08 Bashford Center,19/03/2014,22/04/2014,6131 Emmet Crossing,15/01/2015
851,13/07/2014,04/09/2014,77596 Ludington Crossing,27/08/2014,23/04/2014,309 Schurz Pass,02/08/2014
852,26/06/2014,15/03/2014,7 Bartillon Alley,12/03/2014,20/01/2015,6 Glendale Street,06/03/2014
853,12/10/2014,20/01/2015,3 Melody Avenue,14/11/2014,12/07/2014,1 Northland Center,09/04/2014
854,04/04/2014,18/06/2014,49818 Blue Bill Park Hill,16/06/2014,20/06/2014,864 Clarendon Parkway,28/10/2014
855,17/09/2014,17/08/2014,58157 Hoepker Trail,06/11/2014,25/04/2014,92936 Continental Trail,24/06/2014
856,14/04/2014,20/11/2014,9 Lighthouse Bay Alley,09/08/2014,17/12/2014,8064 Sycamore Park,01/01/2015
857,29/05/2014,14/09/2014,0 Stuart Parkway,19/02/2015,30/12/2014,55105 Larry Pass,14/08/2014
858,07/08/2014,10/09/2014,1 Hintze Way,05/03/2014,27/03/2014,07786 Badeau Point,27/02/2015
859,22/05/2014,24/12/2014,859 Hallows Terrace,27/09/2014,17/07/2014,1356 Morrow Parkway,19/04/2014
860,04/08/2014,22/01/2015,5683 Kensington Junction,11/10/2014,17/12/2014,72598 Longview Lane,01/09/2014
861,05/09/2014,14/01/2015,5 Superior Crossing,24/07/2014,20/11/2014,606 Shoshone Circle,30/01/2015
862,15/01/2015,08/11/2014,39 Karstens Drive,15/12/2014,29/01/2015,158 Prentice Center,17/11/2014
863,10/03/2014,06/03/2014,0 Trailsway Street,12/01/2015,16/10/2014,49 Eliot Trail,26/01/2015
864,05/06/2014,18/11/2014,76764 Hoard Avenue,08/07/2014,07/03/2014,584 Sugar Circle,23/05/2014
865,04/06/2014,29/12/2014,4 Transport Point,25/10/2014,17/10/2014,88 Roxbury Road,20/08/2014
866,24/08/2014,10/07/2014,3 Corscot Center,20/01/2015,28/08/2014,50 Eggendart Center,01/07/2014
867,09/11/2014,14/03/2014,2 Kipling Alley,04/09/2014,10/11/2014,7 Thackeray Pass,10/04/2014
868,18/12/2014,04/02/2015,03 Dexter Pass,06/10/2014,01/09/2014,9458 Cardinal Court,31/01/2015
869,30/03/2014,03/01/2015,22 Arrowood Point,17/03/2014,20/08/2014,6523 Brentwood Terrace,06/11/2014
870,15/07/2014,21/08/2014,0355 Caliangt Street,01/03/2014,27/03/2014,3 Wayridge Center,29/10/2014
871,31/12/2014,14/11/2014,49101 Buena Vista Terrace,25/05/2014,02/02/2015,4 Ronald Regan Trail,10/11/2014
872,02/06/2014,26/08/2014,9256 Melrose Terrace,02/09/2014,22/02/2015,64 International Parkway,27/09/2014
873,30/10/2014,06/12/2014,980 Service Hill,21/07/2014,05/03/2014,636 Summerview Pass,13/11/2014
874,22/11/2014,12/03/2014,250 Mcbride Lane,02/08/2014,21/03/2014,245 Mandrake Circle,02/03/2014
875,04/05/2014,29/10/2014,22 Bluestem Pass,03/03/2014,10/09/2014,9957 Carpenter Road,25/01/2015
876,26/04/2014,26/01/2015,7255 Wayridge Parkway,07/05/2014,15/02/2015,0 Thompson Circle,07/05/2014
877,12/06/2014,30/05/2014,19 Melvin Court,18/01/2015,19/04/2014,555 Elmside Park,23/10/2014
878,20/02/2015,29/06/2014,0 Forest Run Park,29/09/2014,19/12/2014,6 Summerview Avenue,10/12/2014
879,19/12/2014,21/11/2014,297 Reindahl Park,11/08/2014,21/03/2014,7 Vernon Lane,23/06/2014
880,03/08/2014,28/07/2014,51656 Scofield Drive,12/01/2015,12/04/2014,8 Northport Pass,29/09/2014
881,15/02/2015,16/11/2014,291 Holy Cross Way,14/05/2014,14/08/2014,46636 Sutteridge Point,20/04/2014
882,10/12/2014,24/04/2014,39046 Lunder Road,06/07/2014,01/11/2014,2728 Anhalt Park,22/02/2015
883,13/05/2014,10/02/2015,5617 Reindahl Parkway,19/07/2014,05/07/2014,29100 Meadow Ridge Lane,17/06/2014
884,03/08/2014,17/04/2014,119 Northwestern Alley,25/02/2015,29/04/2014,71 Coleman Way,31/12/2014
885,02/05/2014,23/06/2014,478 Jay Trail,21/06/2014,21/05/2014,9652 Dawn Park,27/09/2014
886,28/04/2014,23/08/2014,35454 Burning Wood Alley,27/02/2015,20/09/2014,78687 Michigan Circle,22/08/2014
887,07/02/2015,16/08/2014,3891 Daystar Crossing,21/09/2014,13/11/2014,5981 Lunder Alley,29/05/2014
888,17/01/2015,23/08/2014,8044 Bashford Avenue,10/05/2014,19/06/2014,19515 Killdeer Court,04/07/2014
889,30/11/2014,02/06/2014,0 Forster Plaza,04/03/2014,15/04/2014,4035 Upham Court,15/11/2014
890,18/01/2015,14/06/2014,0724 Scoville Plaza,17/04/2014,05/07/2014,84 Trailsway Way,09/03/2014
891,17/02/2015,02/12/2014,7 3rd Center,03/03/2014,22/12/2014,52479 Shasta Street,06/06/2014
892,20/12/2014,24/05/2014,2 West Street,11/11/2014,01/08/2014,259 Union Street,26/05/2014
893,07/11/2014,07/09/2014,314 6th Alley,26/08/2014,21/12/2014,027 Maryland Circle,12/05/2014
894,02/12/2014,13/09/2014,36755 Nancy Street,29/05/2014,06/01/2015,8 Lien Junction,08/12/2014
895,16/01/2015,25/07/2014,8518 Crownhardt Point,01/02/2015,09/09/2014,80 Superior Circle,02/06/2014
896,25/09/2014,25/09/2014,1256 Carioca Center,18/08/2014,29/12/2014,7 Sheridan Alley,20/05/2014
897,11/06/2014,31/07/2014,9 Ridgeview Plaza,06/04/2014,12/01/2015,821 Shelley Lane,14/09/2014
898,24/09/2014,07/06/2014,87904 Warrior Circle,09/12/2014,11/02/2015,40 Carioca Avenue,20/11/2014
899,23/11/2014,27/06/2014,36 Esker Terrace,14/02/2015,25/11/2014,08561 Arizona Avenue,03/02/2015
900,17/05/2014,09/04/2014,9 Norway Maple Junction,06/01/2015,29/12/2014,39 Pine View Alley,13/01/2015
901,20/12/2014,18/11/2014,9 Ramsey Center,11/07/2014,05/08/2014,79 Trailsway Trail,25/11/2014
902,21/01/2015,21/03/2014,499 Sachtjen Way,04/05/2014,20/05/2014,373 Caliangt Junction,25/05/2014
903,16/05/2014,18/03/2014,1313 Myrtle Center,20/03/2014,27/08/2014,42389 Brown Hill,25/02/2015
904,17/03/2014,04/03/2014,59 Burrows Trail,14/03/2014,18/09/2014,46 Arizona Alley,30/11/2014
905,26/06/2014,06/10/2014,053 Mayfield Parkway,15/09/2014,13/06/2014,7243 Dryden Place,05/11/2014
906,27/04/2014,13/03/2014,9444 Welch Road,26/02/2015,12/10/2014,4631 Coolidge Parkway,29/10/2014
907,08/02/2015,10/10/2014,1 Merrick Terrace,14/11/2014,17/02/2015,0 Randy Alley,16/10/2014
908,09/02/2015,17/10/2014,46 Gale Crossing,27/11/2014,11/11/2014,83549 Anzinger Point,28/06/2014
909,24/03/2014,01/08/2014,64 Stang Crossing,04/07/2014,26/04/2014,65941 Homewood Lane,27/09/2014
910,12/10/2014,19/08/2014,26 Cherokee Center,05/01/2015,03/09/2014,574 Northview Pass,29/07/2014
911,25/02/2015,02/08/2014,0658 Bobwhite Lane,18/12/2014,07/08/2014,5549 Grover Drive,14/02/2015
912,04/01/2015,19/09/2014,814 Hintze Terrace,01/11/2014,21/03/2014,4136 Fremont Park,15/02/2015
913,07/02/2015,11/04/2014,20175 Gale Way,12/02/2015,04/05/2014,28147 Evergreen Lane,22/08/2014
914,30/01/2015,11/10/2014,67 Shasta Way,20/12/2014,13/06/2014,937 Anzinger Junction,29/12/2014
915,17/02/2015,17/05/2014,27520 Butternut Alley,20/01/2015,01/04/2014,42 Bellgrove Terrace,07/09/2014
916,24/09/2014,20/12/2014,93191 Hollow Ridge Street,25/07/2014,26/06/2014,6713 Bayside Place,05/01/2015
917,09/02/2015,20/01/2015,868 Dawn Place,22/10/2014,16/06/2014,132 Annamark Drive,11/03/2014
918,28/08/2014,10/06/2014,6658 Menomonie Terrace,06/05/2014,04/01/2015,2226 Hudson Road,04/09/2014
919,28/12/2014,21/09/2014,3 Brickson Park Drive,03/07/2014,03/02/2015,924 Debra Lane,06/12/2014
920,14/10/2014,16/03/2014,88792 Columbus Crossing,29/07/2014,09/03/2014,1678 Pearson Point,29/04/2014
921,21/07/2014,09/04/2014,1845 Ilene Alley,27/12/2014,04/01/2015,58 Crowley Drive,05/06/2014
922,12/04/2014,03/12/2014,2 Arkansas Center,16/03/2014,26/05/2014,6 Northland Hill,02/10/2014
923,16/06/2014,20/12/2014,6047 Eastwood Hill,04/08/2014,15/09/2014,1 Pleasure Lane,11/08/2014
924,22/01/2015,16/09/2014,0 Stephen Place,13/07/2014,26/07/2014,8 Thackeray Road,21/03/2014
925,29/09/2014,27/06/2014,51259 Nova Street,14/01/2015,20/06/2014,363 Bonner Terrace,07/03/2014
926,08/05/2014,28/09/2014,2721 Dunning Junction,30/09/2014,04/02/2015,7 Prairieview Trail,05/08/2014
927,27/05/2014,21/12/2014,06 Lighthouse Bay Way,07/06/2014,25/09/2014,3755 Dwight Hill,24/08/2014
928,17/02/2015,09/07/2014,61 Graceland Park,21/03/2014,05/05/2014,38 Harper Lane,05/05/2014
929,10/05/2014,08/01/2015,09 Dorton Trail,06/11/2014,05/06/2014,7291 Vahlen Street,14/03/2014
930,26/08/2014,21/01/2015,963 Eagle Crest Point,18/12/2014,30/11/2014,659 7th Park,19/03/2014
931,06/01/2015,08/05/2014,7 Norway Maple Terrace,23/09/2014,26/11/2014,94 Crownhardt Plaza,05/10/2014
932,10/05/2014,01/02/2015,9 Bellgrove Street,31/10/2014,30/04/2014,9 Beilfuss Pass,11/05/2014
933,01/03/2014,04/02/2015,2 Linden Lane,22/10/2014,23/09/2014,4 Bashford Drive,29/09/2014
934,01/03/2014,20/11/2014,332 Old Gate Road,07/08/2014,19/01/2015,795 Bashford Court,12/08/2014
935,11/01/2015,02/04/2014,288 Tomscot Hill,24/10/2014,21/05/2014,6526 Northfield Street,29/06/2014
936,28/10/2014,22/08/2014,09452 Esker Place,16/12/2014,15/03/2014,3 Meadow Valley Center,31/01/2015
937,20/04/2014,02/10/2014,41471 Del Sol Plaza,17/10/2014,28/10/2014,44 Randy Pass,27/12/2014
938,21/01/2015,25/05/2014,59600 Delladonna Plaza,08/05/2014,25/12/2014,757 Sage Court,12/05/2014
939,07/06/2014,12/07/2014,15914 Evergreen Place,23/10/2014,01/04/2014,11137 Bowman Place,19/12/2014
940,22/07/2014,15/02/2015,0 Crownhardt Pass,30/10/2014,09/02/2015,2837 Mayer Drive,13/01/2015
941,20/04/2014,25/12/2014,699 Redwing Alley,26/07/2014,28/11/2014,297 Sugar Street,02/11/2014
942,02/10/2014,28/03/2014,26703 Main Road,15/08/2014,03/01/2015,966 Dayton Parkway,10/06/2014
943,25/02/2015,23/11/2014,18 Kipling Parkway,24/09/2014,04/12/2014,6380 Lakeland Plaza,25/07/2014
944,13/07/2014,28/06/2014,034 Lawn Circle,20/09/2014,04/02/2015,8 Emmet Terrace,27/05/2014
945,03/01/2015,15/08/2014,34 Laurel Road,15/08/2014,27/02/2015,7 Stephen Park,16/06/2014
946,18/12/2014,24/01/2015,8 Mcbride Point,05/02/2015,04/08/2014,6 Kropf Road,22/11/2014
947,11/07/2014,03/04/2014,87719 Dryden Terrace,08/02/2015,15/05/2014,892 Kingsford Park,01/01/2015
948,10/03/2014,28/03/2014,4104 Loomis Parkway,27/09/2014,31/12/2014,540 Warrior Pass,08/11/2014
949,11/06/2014,16/08/2014,6519 Harbort Trail,02/11/2014,15/06/2014,054 Fieldstone Place,04/04/2014
950,11/06/2014,10/09/2014,9672 Mariners Cove Road,25/12/2014,18/04/2014,922 Hanover Lane,10/02/2015
951,21/10/2014,08/02/2015,78 Esker Place,12/09/2014,22/03/2014,80 Meadow Ridge Avenue,26/01/2015
952,04/08/2014,13/06/2014,6 Scott Lane,07/11/2014,04/03/2014,9625 Clyde Gallagher Park,14/03/2014
953,21/08/2014,18/07/2014,946 Boyd Way,08/09/2014,27/01/2015,996 Red Cloud Park,23/04/2014
954,06/05/2014,22/12/2014,480 Florence Plaza,07/12/2014,03/06/2014,276 Columbus Avenue,01/08/2014
955,29/07/2014,30/03/2014,01012 Kensington Center,22/01/2015,28/10/2014,91 Nelson Avenue,24/12/2014
956,31/08/2014,29/05/2014,13 Artisan Street,04/02/2015,21/10/2014,7553 Hansons Circle,28/01/2015
957,10/03/2014,20/04/2014,650 Leroy Place,16/06/2014,20/06/2014,95760 Bartelt Center,02/08/2014
958,14/04/2014,10/08/2014,3 Golf Alley,26/06/2014,15/09/2014,1 Elgar Plaza,10/09/2014
959,12/05/2014,23/04/2014,282 Scott Junction,26/03/2014,04/06/2014,3763 Chinook Lane,04/09/2014
960,17/11/2014,19/03/2014,36 Packers Avenue,08/06/2014,13/08/2014,966 Ronald Regan Park,04/02/2015
961,14/05/2014,31/03/2014,15 Bunker Hill Center,16/10/2014,19/11/2014,3 Havey Avenue,22/06/2014
962,16/04/2014,27/02/2015,2 Westerfield Parkway,30/01/2015,01/03/2014,4453 Sachtjen Center,06/10/2014
963,03/07/2014,30/11/2014,9488 Thackeray Plaza,01/09/2014,30/05/2014,8360 Karstens Drive,20/08/2014
964,16/08/2014,12/02/2015,1 Boyd Lane,14/06/2014,19/12/2014,28950 Lawn Park,21/02/2015
965,20/10/2014,30/11/2014,5817 Dottie Pass,27/12/2014,02/03/2014,45 International Park,30/06/2014
966,14/09/2014,29/07/2014,2110 Orin Pass,02/10/2014,07/11/2014,1493 Buena Vista Way,20/08/2014
967,14/03/2014,14/06/2014,295 Helena Pass,03/12/2014,17/09/2014,2863 Boyd Lane,25/04/2014
968,07/10/2014,17/08/2014,3947 Birchwood Plaza,07/02/2015,29/11/2014,47 Anzinger Trail,20/04/2014
969,09/06/2014,13/10/2014,8437 Springview Drive,17/12/2014,10/04/2014,1018 Hermina Parkway,02/08/2014
970,02/08/2014,29/05/2014,389 Johnson Pass,10/01/2015,19/05/2014,868 Northland Way,20/01/2015
971,27/06/2014,12/04/2014,7 Sage Point,18/11/2014,01/11/2014,5 Eastwood Way,05/04/2014
972,26/06/2014,04/05/2014,59 Swallow Pass,29/03/2014,22/10/2014,9774 Karstens Pass,31/01/2015
973,02/03/2014,04/02/2015,0820 Miller Park,14/02/2015,15/11/2014,795 Laurel Drive,18/07/2014
974,23/10/2014,28/12/2014,300 Stone Corner Circle,29/12/2014,15/03/2014,5365 4th Lane,12/11/2014
975,05/07/2014,22/08/2014,06482 Green Place,21/07/2014,03/01/2015,57487 Loomis Junction,22/11/2014
976,04/05/2014,20/05/2014,1678 Sullivan Trail,18/06/2014,13/11/2014,47200 Sullivan Crossing,27/01/2015
977,17/02/2015,02/11/2014,11666 Butterfield Lane,19/12/2014,07/09/2014,6 Sutherland Parkway,28/09/2014
978,27/02/2015,23/04/2014,52 Milwaukee Drive,26/08/2014,09/03/2014,5 Fieldstone Avenue,14/04/2014
979,17/10/2014,17/06/2014,12456 Mifflin Circle,31/01/2015,17/09/2014,95551 Farragut Lane,20/05/2014
980,03/12/2014,23/06/2014,6 Emmet Trail,04/09/2014,23/09/2014,36 Hudson Street,18/10/2014
981,20/03/2014,22/05/2014,398 Becker Way,24/04/2014,10/11/2014,51545 Coleman Alley,13/09/2014
982,26/12/2014,24/01/2015,873 Utah Point,06/02/2015,14/09/2014,5641 Mifflin Point,15/08/2014
983,23/08/2014,30/01/2015,9 Magdeline Court,21/12/2014,14/08/2014,98122 Rieder Trail,11/05/2014
984,20/08/2014,28/08/2014,0 Gina Way,31/08/2014,19/07/2014,7257 Acker Circle,09/07/2014
985,19/12/2014,10/05/2014,60457 Oxford Park,13/03/2014,05/01/2015,133 Westridge Court,04/12/2014
986,24/11/2014,07/09/2014,2 Sherman Trail,31/12/2014,08/04/2014,9353 Darwin Street,25/12/2014
987,20/02/2015,22/03/2014,958 Hansons Plaza,31/05/2014,17/11/2014,8547 Schiller Plaza,09/01/2015
988,02/10/2014,31/03/2014,192 Graceland Circle,07/11/2014,02/12/2014,4 Melody Terrace,14/05/2014
989,01/08/2014,10/12/2014,82 Maywood Pass,11/08/2014,13/10/2014,63141 Alpine Court,04/07/2014
990,13/10/2014,20/05/2014,02 Norway Maple Parkway,09/04/2014,25/10/2014,31402 Mcbride Point,20/07/2014
991,21/11/2014,06/10/2014,9 Sheridan Place,20/01/2015,07/02/2015,4 Ronald Regan Point,14/08/2014
992,12/10/2014,08/03/2014,33 Reindahl Junction,31/12/2014,28/09/2014,6522 Lukken Plaza,13/02/2015
993,18/05/2014,12/12/2014,051 South Alley,20/12/2014,04/05/2014,0477 Judy Avenue,10/12/2014
994,16/11/2014,12/12/2014,7 Monica Center,04/10/2014,26/09/2014,3815 East Pass,07/07/2014
995,28/01/2015,20/10/2014,32 Gulseth Point,24/11/2014,19/02/2015,8 Steensland Circle,01/04/2014
996,03/10/2014,06/08/2014,944 Elmside Hill,17/09/2014,18/02/2015,672 Vermont Plaza,23/11/2014
997,17/11/2014,17/03/2014,1 Service Point,23/06/2014,31/12/2014,78 Luster Center,21/02/2015
998,21/04/2014,25/03/2014,1198 Pawling Drive,18/08/2014,04/09/2014,44 Arapahoe Terrace,15/11/2014
999,06/02/2015,20/09/2014,56766 Sommers Park,13/12/2014,29/11/2014,86 Old Gate Avenue,19/04/2014
1000,29/07/2014,30/11/2014,30081 Transport Way,15/03/2014,07/06/2014,8 Lyons Hill,25/01/2015
