vInsuranceId,details
1,fa087e27-3788-479d-835d-24d6b02f1507
2,a118e92c-86be-45ea-aba2-466cc46191b2
3,f3da249f-246d-41ba-a697-5ca45105e90b
4,e5f8e8d4-ea6d-40e4-9854-951efa77cfc1
5,6a030324-5b4f-4e7d-85f8-a4af213837ac
6,8dd68851-6d34-4607-9044-9c3991385620
7,d1cef705-b1a7-4baf-80ae-d3feb23d3292
8,da4d4435-0858-4f92-a0ac-91fc9710e0d6
9,2419c98e-ef1b-4838-9e3a-8674aa71fa21
10,080afcf2-18f9-46c7-804a-a7a90397e96f
11,283cc2f4-c81a-45e3-865a-0c729ed42bb7
12,a2726d0a-1d58-43d6-8d94-59b47e5c177f
13,041c2d1f-c51d-42ee-b7a3-13aeae6ac223
14,c9b85577-05e2-4888-b4d3-f6a5953912a7
15,579ca5fb-c92c-4eee-b6c6-be27b67ef9e8
16,8b1edbd0-d3cd-4759-91b0-934f70e4992c
17,60dfb58b-dcc3-45fc-ac65-fe2f71d699e0
18,298cdd2b-9c71-4f82-ba94-a5a45a2610bc
19,7fe372bc-fd53-452f-891d-1c19e3ec2014
20,d575c3b3-46b7-4f74-be4b-6dd37160f104
21,94cff330-9b94-4389-b7bc-9426b026166a
22,68ffc01d-e9c5-4255-97e5-1750a9db5a38
23,abf79045-3f83-4086-9732-7c1695dd27a1
24,e9cd4720-65ce-4b4f-bde0-b26c9ff25673
25,ad7f7801-9619-4851-87c4-3dd5cad947e3
26,ab6b6d4c-e024-43d6-9b03-619cd8caec9a
27,5d6dd846-0c18-402a-9514-2335dfe35607
28,4ca74ea4-f493-48b1-a43c-3173b643dfdf
29,87e18010-05ab-46ff-8637-1d9ab618385b
30,53873967-05a6-409e-b1b7-5d7635bade14
31,b4825d7d-3630-4676-8d37-2f71567ac1bb
32,fe04725c-50a2-43d6-ac7f-7b18475fe3ce
33,5d214bb4-4860-4e87-be25-fc9b959d3e25
34,08b8ce13-8d24-44d8-b89b-5d4fbba25561
35,20a59b4d-9d6a-4c7f-933e-77ab7da7022f
36,fa594e4b-84ed-4757-a4b9-b49df2c61a85
37,b0f2a952-9c26-4156-9286-2e792d3a921b
38,944ba48d-6117-4770-97be-80ddf4d921cb
39,e0a12763-be19-4b32-9085-44565e8c48e5
40,5616ee1b-3c66-4910-b9a0-42b9c6a6f9dd
41,530e6424-47a5-4427-922c-165f4080edf8
42,ed334be7-73ad-4873-80bd-6a0a5f3bfa2c
43,a0e920df-5e5a-4830-b250-6eae349109bc
44,cc9cef3d-d247-4e04-8bb4-9170ac61f3ae
45,65a97698-5b70-4550-bf75-5dc80c61ca12
46,51eb6466-1dad-40de-832e-076ac13c63b0
47,994f2818-6697-44c7-94a6-322fc0ee88fa
48,22e839ef-31b8-4d0f-9ccd-a9f423e4cb15
49,bff416b1-2360-4829-9f36-4c7b73444548
50,2a9d160f-9c5c-483f-8b2c-9b627cd86b8c
51,fdb3fc7b-695b-4ca3-b96a-376b182c3149
52,ee8bd159-6616-4643-ab0e-693d3307256e
53,24574547-cfcf-4905-bdaf-79c583af81e1
54,3685b8c8-e303-413b-9e39-9076a2bab474
55,d3d823c8-a985-4702-8202-23b00f07f92d
56,d3c6c90c-be56-4423-9438-ff0bbaf70b64
57,7b92fb27-82e3-404b-90c9-ea63e1f1e613
58,02a7ab1b-216a-4c76-8112-c9a116ac096a
59,dd0d5394-735f-483b-9e94-1520350c6466
60,181f1765-56a9-42d6-be6c-cacf5132690d
61,5356740d-7f17-49e0-9ace-51673c697db2
62,90481766-f607-4289-b5ca-92819f51e154
63,b290b2ec-6995-4116-803c-f6c99191b54f
64,7acc9370-388a-4e35-b870-14eb80da0257
65,2a0f9961-170f-4824-9bbd-1bba9d3dcf61
66,0dbc354e-6f93-47aa-8d1f-ae650c1c294f
67,3173f4c8-0a93-4597-b488-2b229d98e09c
68,23de14cb-03c2-4a24-a90d-8f489cc91c93
69,aa7befd2-0db8-4406-a499-88eeaaa01e5b
70,6c88e8eb-a8a0-4afd-864c-e43c8fe42dae
71,3f87c3c6-3259-42de-b24c-952a96004b58
72,4c32971c-74e5-4cb1-8b19-2966c2174122
73,d59b004d-6843-4d8f-a71f-a8290aa60275
74,ed25fc09-7ce1-4f88-92eb-7cccd2988292
75,08164695-8a9d-4524-94c1-c34a1f970087
76,d4035496-95b7-464f-880e-362b59e2e73d
77,3778d72b-9174-4241-9dee-2614a8c5daf8
78,46ef7940-cabb-4ef1-90e9-1285627cd622
79,30ec22c4-48ec-45f2-97a5-3c0ff8a89134
80,79581a0c-e8fb-492b-a123-a7d212a497a9
81,1b8fd39e-e1e7-4244-803e-b2bf007c9c4b
82,1c9998ee-eb7d-4d43-96a1-4beee9572989
83,a6ce7db0-266c-4ae8-a588-42bed24bb15f
84,8a960e55-ef7a-4cdf-ac4e-8bd15abca5b9
85,e4a8374d-b631-40f9-acfb-448119d11c3b
86,0cf96ae1-f58f-4173-a695-e95eaabf1766
87,ef83f551-0791-489d-a507-929c38d92cf8
88,d8ed2f42-f0b0-4a13-93c1-25e081a6b6d7
89,a84e6958-e4da-47df-b83e-b6c6601a2133
90,98d50032-7af5-4858-9480-395851dd89bc
91,eea55139-7a32-4361-80c0-8a0df9d6d098
92,de16ff25-c14d-469e-9ad8-94c1a6206061
93,70ef3f72-aaa5-403b-af30-c79d0e7dd75c
94,56c4eebd-64f7-4ee5-b26c-406979c619f0
95,6ecd69b8-2e49-4841-a26d-d91e14c7192e
96,fc3e49fe-0d5f-435c-ace1-be70d54ba29f
97,a32df565-d384-4c1a-8fa0-56764ce76330
98,6cbb99c9-8c2f-4e5f-a552-07b1cca47642
99,eea6fffc-1bbd-4122-98cb-98c073d64071
100,26e76aac-b28f-4396-9523-236a835c8996
101,5d511a72-602e-4157-afee-f876478837af
102,c324d614-f6f7-41b6-9ddc-721820978eee
103,c13db5e8-d52e-44db-b07f-3149a8de99ab
104,5fe64a02-233f-467a-a489-1fefa2028791
105,fa808e0f-3903-498c-ac90-f4f1f1a2b136
106,743e8cb5-46e9-4812-877b-423bf67f8b68
107,03f1057a-875a-4539-a0a5-e19195bd2ca0
108,fd714a14-e707-4099-a875-2fda1573eb41
109,277bcb82-6906-4574-9fd3-7682243e8f9e
110,fcc3e375-1eb2-4c32-b1fa-b3e4675af3bd
111,f530b123-49e9-43b7-8a31-5985cd60499b
112,bad28194-8cdc-4a47-9e1f-8d2668743b32
113,06dc4b52-eba8-4fd2-afea-c99c28dc965b
114,1f21dccb-2e9b-45c3-9acd-cb4478eb522a
115,13811570-a769-420b-9822-813ff9cf7bb3
116,55492e6b-e98f-458d-8970-7484969d73d5
117,77153377-2cfe-4a9c-b326-b38b05d7460e
118,4d55e9f9-090d-42f8-a9e9-fcf2945cb74a
119,fdb2a18a-1554-4307-85c1-86e25fae6f99
120,53c049e7-98d1-4614-8444-fda97de6b10b
121,187f7f68-a042-4d6e-a707-b3a055c6cdc6
122,78156b27-2b8b-4ca8-b6b8-ac3ef33cbe8f
123,e4fe29a3-93ea-456d-a332-c4bfa130cd3b
124,7d9e631a-9238-4ce1-ac0d-248e7506ca2e
125,8ad8db7e-cd3c-4ba9-8aa2-6dd3aa93fc5c
126,435e777e-3a96-4bb9-bc3e-18d3be338081
127,202c44d4-6f07-479e-8625-8c49dd0f4072
128,21ba239c-3dc4-4930-ba85-401ddcff5e3c
129,b83fee5a-bd55-46c3-8ebf-f7009f6dd17b
130,8d4d18ba-9f95-4645-83c9-5bff1d017830
131,98834af2-bbfd-4f61-8cae-6094e86ba35b
132,ec319c08-37bb-480b-8749-e5fc2cf5422e
133,88c73318-70a8-45ed-9d9f-d29c538f63bf
134,e1b0306b-1d23-467d-a82f-f9513309a498
135,6f6e790e-865f-4356-9161-82c3a52b76eb
136,26c536c2-b012-4fac-96b5-1178ecdad5ff
137,c2058352-6b28-4a7b-a683-d9df7cfcc6f2
138,173a5963-c29a-430a-b829-6b8f1e8fe31b
139,4cea9dfb-837a-4adb-814c-c601637c10aa
140,a98d6c74-8a1e-4efc-9bb7-c40ab1d028e9
141,5c9f6b66-9eec-4f36-b007-6b5ace16343e
142,65f79bcc-649a-46b2-80ee-738ff95ab717
143,a5aa4b1d-1f99-40c7-b5d9-6d4cdf343a86
144,95e706b7-11d4-4e14-87f5-514d8df87c39
145,a00c6854-45c4-4149-ba73-8fa24b93c950
146,b4c769e1-6a6e-4ded-ab05-f56d60fe6cc0
147,d4572235-a0c0-4793-a8b0-799b73f32b96
148,119eff1a-256d-4d30-abbf-5ffb3090c455
149,9b93a82b-f558-44f0-b9b3-b740ab3e6213
150,028fd1b0-7538-49de-9b8d-655a58c22771
151,a99a8c8f-dab1-47cd-b113-edd807114e31
152,d368c5be-1098-43ba-93cb-e983595a1611
153,887d0da6-3955-4a8f-a5cb-c59390a41d2e
154,a421a44f-32da-4b32-a8e6-5bded7acf8ca
155,08f3e4d1-ee78-4ddb-85ec-b70bba22b2e4
156,56e7cc7d-dfb9-48ef-839d-5cb9aa2952bc
157,011f3757-1276-4b6c-8281-9b54788c1afd
158,4f07cc43-ff06-45ae-acf5-637b563561d7
159,fee0d05e-6a79-4bc5-afa5-56ed2486cfb3
160,290554d8-c750-40ba-82e9-bb558a023e7d
161,96fabef4-a547-48a1-bbbe-2aa48a188dec
162,8be28cb3-48eb-4769-8c4f-bb1a88028e5d
163,90eb1374-eb6c-43a7-bcdd-43f7f23fd0cc
164,53637f9b-0fca-42f5-9fe1-e2fa071d942b
165,6af99543-b8d6-4e2e-b21a-01b58e191238
166,57287bfb-f0b0-4212-9990-d2b3efc1e8c6
167,cca22103-0e45-4d3d-8c8b-7f2a0b416133
168,5e15990d-1c93-48e8-a221-f4f4b77cd121
169,f8c65815-82f9-44a8-808b-7c5ac8a29033
170,e4b8d3d3-cc32-4816-bd5c-5af3474fa306
171,cc6f2af6-2f61-469b-8b94-7a61e5ba7c99
172,19c72bac-4d97-4d7c-97bd-b2a8082dccc0
173,497b0e7b-3511-47b2-ba29-76f5df7783c4
174,a52602da-4464-4f03-a9af-693a1a287600
175,5c871eb4-7403-4343-954f-e5135572ead9
176,80065bc3-eaf5-41b9-bd58-15d18a75d9f9
177,bb9b9e91-4570-4d6a-8ef3-1c0349ac8097
178,0860af5b-bd48-449b-bbf8-0a8d1894b62c
179,fca9fb20-ac5c-43a4-9eb3-ab9d7842394e
180,ef87c2e3-eec6-475a-b674-d27f18ba30e8
181,8644fb96-ca6e-4428-9c05-62df75034625
182,d2d6e84e-e83d-48a6-a86e-e628f23b6c5d
183,0230ff14-cc4b-447e-9b6d-e5ff130b3e88
184,c7115317-f388-4b97-85bb-7c812df90d1f
185,a98bf886-d69d-4c5b-bbe1-47e0e9208e97
186,66effe0f-a6c4-46f3-a4f1-1126c4a75475
187,d3fd52e9-8096-416a-8741-21b908d6fae3
188,3145606c-b369-4222-bdfb-796802a031aa
189,5ddb1358-88b1-44e8-8c2a-915c416dd1ab
190,21eae742-8e02-41ae-bdc5-4ce72fed62c3
191,882d35cf-72c4-479b-8fd5-53f292cb4a27
192,4719ee4f-1915-4102-9a5c-5e6a23f34435
193,b4b10f11-daca-436b-8971-72324b88d7f4
194,5f0f4380-746c-48e3-8e82-e8753e69df09
195,ca75de1c-221b-40e0-9163-5d8dcf9ae4b3
196,9a4a39a8-66d7-4553-96cd-23109555acce
197,4c9f5fee-0077-4d2f-8bd9-07efc7a9a304
198,08eb62aa-e28d-42d6-9e28-17125242d822
199,fd43b006-094d-412d-8f07-bd69300758c8
200,3f1c6321-46b4-4650-a762-6b2038b3b00f
201,d758920c-a25e-4aba-a79a-5c6ecf2b7d3a
202,126626ce-7ffa-4644-8907-3cb1ea252e33
203,c75c3aa5-19be-4a6b-9d85-8ff035d2b199
204,ee4d0b13-3519-42a2-ab2f-70dd9b9241b8
205,5afaf408-529f-467f-9713-b399e0df018f
206,68e7e15c-363a-47a5-910c-67c05d4777a2
207,1d6f32e1-903a-48b6-a9f9-eec502368d03
208,5b97f1ce-6717-4aba-b84c-195b159853a9
209,76e43ac6-c45d-47da-91d4-2512830605c7
210,24c8a643-a242-457a-8c7d-68b2670ac41c
211,d6a83030-5148-4949-ad46-26c24bffdafe
212,87e6c82c-c907-473f-9c24-6422e9197e18
213,dd2ce2a4-576a-4b92-bb8a-f22e8a2f5ac4
214,aa6cf3a2-9bdd-4f78-b5d7-2e9ea2c80afa
215,d3a08c4d-6b1f-4c8b-8b82-c7bd6fd9500d
216,420f0dd7-2431-4344-bbf5-35c9b13b3e24
217,5dce5fa1-cb7d-4350-9386-cdc4d11bdc98
218,de5e014c-7d0e-46dd-87f2-759a09249c22
219,dd1b7004-ab12-404d-8127-418993e26c03
220,ddf1b4b2-0621-4c9c-8ba2-85377fab07c5
221,c1942de9-663a-4fa9-9afb-b1d6ed79445a
222,faaffc06-ca40-4b11-82ac-a0ee94054b14
223,7c067bf4-c274-452c-abec-a0d444c04ee2
224,e9e2b361-c8c4-4ede-81ba-97d3ae1480fb
225,a57f35ce-9bfd-409c-a52b-023deef38803
226,68b29027-39cd-4256-90a3-e8924858bcea
227,06e0d706-af44-42ce-b5c5-e3b4620147f4
228,28a5bad2-363a-4be6-8d3c-efe913c4ba41
229,1b0933e4-9662-40de-b922-45f4b5a11612
230,065c6945-bad5-45b1-ba1c-b25d97144db1
231,71d4e877-d6ee-4d75-bd87-edfcf3951fc1
232,919519e3-0ff2-44e2-a0d0-e4d3b7e367e0
233,e5a58f60-1206-48b1-a865-1427656476a4
234,01c97f72-0fad-4291-895b-431509d4f4e4
235,f660ee1d-d560-4789-a611-f3d8fda07a43
236,a02e5eaf-716f-4c56-84bc-7820c2e74dd6
237,e5d173f0-560f-497c-8015-f9607cc4e422
238,3409c5a3-4c9a-4c1a-a84a-b190883b1150
239,f040f7e4-49d1-4425-9099-69044376f75f
240,3fa79aaf-371f-4f72-81d5-22aa0afb7530
241,86485e3c-86eb-4622-8989-6147b516248d
242,44e1b6e6-9b9a-4338-b856-7f932422365f
243,103e18e2-8897-458c-a255-31d44f79ea48
244,594be615-df25-4f42-8a93-8212257209af
245,21619287-baab-45e1-8bb2-4bbdd4ca2af2
246,810e0360-e62e-4352-8ba0-395b858a1df2
247,ab96c5a1-0f3b-4cad-8592-e5cbcc324ad7
248,544f7ade-a6a3-435c-bd9d-93bd53728690
249,adb02997-4e69-4a56-b464-4a861dca70f5
250,8b145422-405c-49fa-abe6-4b355dd6c9b7
251,95b76f4e-8f72-4a9d-bc2b-4ea024383b18
252,2a86574c-12a1-4ced-b93f-ba599b70d24e
253,c18f2906-526f-40ac-8d66-d53074be834a
254,dbf7ab8b-10b1-4d0c-a3d8-239c1f290649
255,b3ba38ae-e55c-4a2c-993d-eeecb2d272f9
256,20c7f6a2-9a13-45c9-a944-60a62b93e050
257,def60b65-771a-4d62-87da-987625213709
258,2c176f2d-0c64-4773-afe4-02101e1d547d
259,dabc363c-d2c4-4541-831a-ec289a2c618a
260,4121660a-d6b3-4d42-99ff-5f8719d57a98
261,4c4ed98d-04fb-4f15-87e2-d48cb5deed29
262,446ce0a1-29a0-4ca6-bca1-eed807bfbb52
263,3b5c24ef-29ef-41f9-a023-dd3718cfe3b4
264,b3f9020e-9804-488e-ade0-97378d04b71e
265,e2e8a9b9-4ee2-4dc7-a951-2fc1613fb7df
266,8bc27521-d77e-4f25-a078-01459d1f5756
267,7cd67011-c794-489e-b483-a3880d9ef17f
268,111ec155-6b02-48b9-adf4-ab8d25319eb8
269,891967fd-6d3a-4058-b808-044f9e8534c3
270,73a6086a-20bd-4c5b-b4a0-9b3c2da06ec6
271,4bcefe37-6d61-4fb8-a1e6-70d0ca987718
272,518848a9-c47f-4306-952a-5e872bb57664
273,a04481ca-1b08-43d4-8ca5-013a500cab2b
274,831e056e-e37e-400f-a4d0-d4f59cade638
275,5d24bf4a-28dc-4b43-be52-36b72ee8962b
276,9882cefd-e4d4-43af-a160-997418edef81
277,5db24f71-9ed2-4add-85dd-26972ba32c00
278,673e2892-66b4-4415-accf-f648d862ae2e
279,92a9a372-0d0b-4693-bb67-e9d5663b5988
280,43c0e816-b96a-4bb0-97c8-e5528669b386
281,3a5d63cd-ef63-44a1-9317-0640a0428aa8
282,c2723963-a07a-4b30-b7b7-978263c38cd7
283,ed8f6c4f-d3b6-4a71-95f4-26c6ea447a11
284,6f8c4371-d54e-4faf-be05-f6afb4452321
285,f727ba58-c804-4872-997d-2f48c4a13d39
286,153058f0-d35f-492b-a5cd-f426279cb472
287,3c6b98ae-c368-4af0-8efe-8e188ab6ec8e
288,a4971a94-41d7-4c11-a099-22b021fc1fe0
289,88a8213c-7df3-4873-b03e-eac4e2ce790a
290,10798f3a-ceb8-4982-b8f0-38f4b18b42b8
291,cbab264f-fbf6-435d-abef-a915f8bc3a4c
292,ab690f7d-fb37-416a-b8e7-7ae2f7d6ac75
293,a1737722-c9ef-48d7-a2e5-a17fc1b2e3f9
294,1817b89e-d97c-4af5-9e9d-9e1bb7593857
295,9577f9c5-6d1e-4ce3-9f44-e7c245bb6f5d
296,91ff7837-a1a8-4dc2-bb0d-7f1894bba548
297,a41e70eb-d7b8-48a6-8f71-27a142c94b19
298,51837b43-0acd-451f-81e1-328307c99286
299,d1810297-0da3-46e4-baf4-3a2f9ba08d58
300,7f5706fa-3213-474a-bbc1-6a79176bf77f
301,76141f1f-10c6-4450-830a-f21e3c60fe77
302,fe647472-3d88-4631-a37c-cc611eec058b
303,368dc422-b992-42e8-89e8-7fde7a71e27c
304,ef1c2503-819e-4c1d-aebb-7ca181f84d24
305,177a18be-8faf-4807-99aa-55812dd24f43
306,5573434b-c4ce-40c6-86b2-3ed7f64d5285
307,d27ee3cb-e0aa-4bc5-ab52-8c547e1acdee
308,ab58c9ff-a567-40b6-952a-bfe4885eb865
309,3fd14b88-1275-4bfd-908c-87597912d24e
310,f921e326-5072-4148-b149-18f5e11b0787
311,f93f5b39-e2ad-4a67-9049-9e14e9c844c2
312,7416977a-f148-4ca0-99ba-19b91f48165e
313,465aa8ef-6d64-4279-8a41-ec3499f2a963
314,ab2924b5-f3e1-4e86-8d16-231722d65d47
315,4a7a44d2-b093-46e7-b7b0-82f8fcc2e02e
316,e1a26c0e-f123-4619-9af1-caa9a68ca217
317,e1d375d4-de0c-41a7-bea5-592861ee78cf
318,5ddd7093-074b-4673-896a-384b4db72a4a
319,62277b77-b818-4591-87f7-902213146a15
320,0cb10798-9cde-4707-892b-fa0c0e213cba
321,d52f2498-0d5d-4a9d-8391-49a750a2167d
322,951feb60-dc6e-4678-8235-f4ff697cc3ed
323,799ff789-66ad-4df0-851f-37b6308f6187
324,1a3d86f8-94bf-448c-8694-e185625e4a6f
325,a56ac77a-28e3-4a64-9316-f99d19fddea0
326,6f772079-f1b1-407b-bb57-f8747d4bb08f
327,ab85b30c-9d86-4553-8b3c-226f615e7610
328,d538d4b6-3954-4c48-bbfa-1b13278829ef
329,52bce8be-4270-41f8-89f8-6e3514d08f3f
330,a99bd6d1-5180-42a3-813a-bbafa2b6dd98
331,35257c5a-d2b1-43af-82c1-b1cecbca0abc
332,562f27fe-3166-4281-9b31-67045a7bc2a1
333,b52a75b5-4a49-49a5-ba61-276e90cd825d
334,1d5a5d23-06bc-4186-b363-68fd752f7cdf
335,694114a3-bdde-422b-a187-85bf31d7ff14
336,0f500f20-0746-4296-a45f-5d2b733485e0
337,f5bd03bc-f570-4b0b-bb86-b1e86f6a30a6
338,8e7039ec-ec32-42d8-b43e-a8c3e9e3359e
339,ceeb2eec-c427-46f2-a3d1-ba7d73bf22c2
340,e6f52255-5dd6-4d88-a16a-afa2eece055d
341,48ea3331-b922-46d6-b6f3-4c35b1e8a985
342,38d39a7a-da17-4c59-82f6-6dee1e972f2a
343,a9fe8421-c761-441a-a228-b20f67f3f497
344,750e557c-eb64-4561-a263-4e2fd1f304c3
345,9ff4129a-bbaa-449e-80c2-3c9d9261a37d
346,76f6fdef-2072-4756-9e66-5bff2a82362f
347,8c89a425-61ef-437d-a625-69c44d003a66
348,e26f0c5f-1a2e-4a22-a9a9-dd30fc27e314
349,8300d841-9bae-47d9-a385-2c837d645403
350,6d2b2d52-de3d-45df-b83f-795257181499
351,4fb98bce-7f63-4f1f-9805-8609e7e13882
352,2764f34c-3dcf-42ee-a759-72dcf7e9cae8
353,c2ce35b9-fb77-467f-903e-904a3567f874
354,8d4cba65-628e-43a1-9228-be0485a5b14b
355,5a145e79-ad73-45cc-8704-b3637ed977cc
356,71e1ba53-db5d-4158-8559-a670612d1da0
357,90570ca1-3fb4-41d9-b734-a492d8f0a644
358,8c8a7e3b-ab11-4ed3-bc9d-70315e78e113
359,611bab8c-80a8-46a8-9d9a-58b03e52f3cb
360,ffcb55f5-3854-4858-9c78-fa547f3d4336
361,3f8af61f-4218-44ac-8153-1058636b5d6d
362,fa88c975-d44a-4e41-9b60-f64335a707e3
363,977f7c71-980b-417e-b615-6640af8e3eaa
364,1ab18dfb-d123-4df9-b83f-e730625f3390
365,4cfc2b60-860e-4445-bd56-6206a02beeea
366,794b32ad-60ae-4d47-b0f7-f714f5de2d9e
367,46f46ae1-ef42-4e28-81a7-160498ba21e3
368,ea11ba14-9b7d-4d7b-ba47-35590923a23f
369,5d22baec-48c8-48e3-bae5-25c24cede980
370,2441fdba-8367-4514-9339-3ccdac45d67e
371,7b6fe287-f14e-49ba-a33e-1596e0fffcb2
372,a6a5cb47-c49f-4249-a48b-e79efada14b5
373,7fe19116-6ac9-448b-97db-77e11abc547a
374,39802301-4359-499f-aaef-8df289e6efa4
375,0fae9835-7ed9-4472-8367-8e36a03644f6
376,1669bc5b-19f1-4bc6-a8e1-4e4b5de8494f
377,06b76ab1-666f-460d-b9e8-2d6806edd04c
378,a4132c86-b0e6-4fe0-a08d-0c8680f0d8a5
379,4f1d9e4b-5924-4f26-b79b-4b4082014ac5
380,dcd0f4ba-403e-44dd-80c0-ddbad5782090
381,b27bb5d3-69e0-4adb-9647-f56053d6b4ea
382,037c88d6-8d54-45a2-8f9b-6e00a73c156c
383,bcc58ccd-fc1e-4d1c-b5c8-c40e8410ffe3
384,487a37be-d852-4a6a-b580-c16c3c1cb161
385,488f6f7a-dbfe-4430-b73a-4d48ba50bd53
386,289155ab-6878-402f-9336-e4c2e7cf781a
387,1547ae45-9e7a-4139-b074-81eef3e291c2
388,181af77f-7337-468d-9201-97b378793b64
389,8c383d39-0493-4c2e-8005-c22f560beec2
390,da298a5b-6f8f-4dfa-8de8-df9e87a4fa44
391,004ce404-c055-4b02-a101-bc1aec9a5d10
392,9976bad5-b7a0-4a9c-9830-cdec2ee5833b
393,4adab4a1-6506-4766-a49a-da2d22b2d9ed
394,5ea359c6-4b79-4ed2-bdd7-137b26705a6c
395,0a0ee500-a7fd-4faa-9d01-e8bb7d1d1f8f
396,0153c773-4971-4725-bb2b-24a3b95fe5b9
397,4ec4be13-3995-438e-9230-5cb95cec8299
398,b9d9e018-146a-4a4f-8c07-5a90bf3bfc70
399,62641d1a-e944-4764-851b-b2aae4ab542f
400,1dcdbc9a-ed37-4731-9e7c-13e0bebd213e
401,a2e6a108-2181-4810-9457-4a581e12708d
402,10935102-92ea-4f4e-a4fe-3e51b0a39798
403,62db5735-1740-415d-b4c6-8e39ad87186c
404,e225b5f6-db93-4d29-b089-cd9914926e5a
405,e279c47a-610a-4c43-b1ff-18692d8d66e4
406,d8e9ffe5-ce88-43fa-9111-c897d765f9d7
407,6562e7c2-8df2-428d-b363-e2abeebd267d
408,7b9b6e9a-b68b-4eed-b8a2-650579819ae9
409,ea2bb111-e3ec-4eb4-add4-958ca30b3513
410,abe99586-7663-496e-81ed-ae02e7ac60ec
411,65e3501d-c8f6-4082-a994-c0cbfdf53584
412,5ba68f89-0abe-4744-8ab6-de658e9163fe
413,fd25af12-1256-4bad-91ca-681290dcce73
414,6b5246e0-c7fb-48b4-a1fc-5a949d5d2ce3
415,983f53ba-3882-45d4-8d2a-741f7e6ff144
416,81d4565d-1956-4dff-bdf8-e9d451680006
417,7134ee43-bae2-4259-a3b1-1a500580f950
418,70306e8b-92da-4259-866b-52aa1c14e7ed
419,9e0eebe6-8201-4e5b-baf2-1b56ccc39059
420,bf670799-84c9-4225-be34-4f03fff6ecbf
421,3e40a3ac-34ae-4f70-b515-f77ee6b92593
422,400bc6f1-14ed-4d45-ab2a-05b2de892b03
423,76158a01-9f2f-4ea4-b91c-6373e8a075e1
424,a6dad884-9456-47b4-b335-a1602fbaf8d5
425,fb2569e7-08d9-4a3a-b5fd-023363ff5824
426,8898d54b-26b5-40b9-bce9-6f514e0b750f
427,dc34dd20-055c-44e0-b579-dd6ed07abb5e
428,98bb7792-d6c0-4a77-9837-3732ca07e88b
429,a6540725-fd36-4233-8ff9-643ea7e91a2b
430,625b61cf-a7b3-4307-893d-1c16df3c6838
431,7fc7bf93-d749-4d2e-82fc-8254eff730a1
432,9d9de580-a1c2-4c8f-b420-ae567a8a465c
433,c51c3de0-e609-42e0-88b5-f23d93be6280
434,47ec7860-d378-4848-8692-c240d8b28d30
435,b24b268d-6416-4d2e-8351-6a51d9eeaeae
436,8203be8a-be91-4451-8314-26ce0b6c710a
437,b3f5040b-df54-451d-a040-c5b1c5b0f181
438,1316f8e1-4736-4127-b4aa-5a1ca52c19c9
439,ea46b7da-82d7-416a-8941-d7c523bcc9ab
440,e6b9ba5c-77e6-4fb8-8ccf-41954979d608
441,cbbec658-9eed-4395-880f-67e223d8614a
442,d81867ce-ed73-4b64-a114-988005d25bb7
443,8759e649-f183-4a90-be8c-2c499bce83ce
444,a6f77ee5-4f27-4828-a82a-dd4bb8c932f9
445,d1394d4d-f28a-479d-9c75-5576596abeb7
446,0e4130b8-6a64-4146-9da4-ebde9c487e7a
447,2eb2d624-06f8-423a-a59d-921ededfb494
448,915ef2b0-cf3a-4e64-9e01-6dd85b77b903
449,7f514ec2-2942-4c9c-878a-4e1f37e4a02e
450,7c9ca21e-a59e-4da4-b2e1-52e1632e2c19
451,0685aef2-759b-4f3f-9669-5a02e494bf39
452,8d4dc6e9-1ca6-41a6-aa9b-f6f3f1f43ed6
453,7aa992a8-1e45-4c7a-a640-e042f6871977
454,fc1cec77-5618-4f76-8d97-ce262688a9e1
455,b09874ce-73d6-4c86-bc93-8ec386f01eb0
456,1c3cf423-e7f5-4618-a473-60fe4e78e1c3
457,93f70e6a-a861-48fc-a802-4498576cd1cc
458,37ddb4f8-cf34-4a02-8085-d869ac70eae1
459,0d10fea4-d510-41df-95bc-e7cb9f0283bc
460,9ff7fcae-8cf2-41fc-91c4-77f24dae86d2
461,60051080-e468-46ff-915c-08bb4e09cc70
462,b4d87b05-48ab-4a32-97e7-98e5081400aa
463,079c3634-f687-4b5e-8932-ad60a84b7541
464,8279bfdb-395a-4fc9-852e-a59b4df871b5
465,4b80cde7-b441-426d-bcd4-382aaea4c4e8
466,381a6cc8-012d-4a15-9b57-368749b4e8a0
467,ff216de2-1b04-44c4-acd8-7453b19a13e1
468,acdad5a2-8dc8-4478-8e74-f93aa09f2b59
469,c22af655-fbcc-450e-9092-1244ea8aa3cb
470,b19e1fc8-528d-4cf6-b269-07c7b2b1dca9
471,ce719443-62bb-49c1-bd9c-c4ade3cade38
472,ce8a37c9-bf90-41a1-b10f-2b5a5004b31a
473,327007c1-a216-4c28-943d-d34f754b3605
474,aa6816f0-0bb3-4d97-8b4e-c2d4203a5e7b
475,1cc5f531-6389-4320-a976-64fb138ae75b
476,bd673ed0-be40-46be-b895-73e6316ef5b5
477,5e4e54f1-9d4a-4a4c-acbe-ac1668f34a10
478,9b3f1ddd-13e6-4ae1-82a4-b681a0e718f5
479,62c9eece-3ea5-4f1b-ad81-da057e6c2203
480,526f4b13-f232-4e45-9434-d7348b85ec1e
481,12b7462a-10b0-4d4a-89b3-f1e4a535f677
482,fa208241-81de-47e0-861a-8fc36538a6c8
483,6f6f0ccd-9606-4375-b026-1befb6b9f5a2
484,38d8d0a8-257b-4954-9ca3-48332473b591
485,b43f85c1-5dfa-4f1c-92fe-1a6144e9d476
486,7453e20a-e0ce-4bca-9479-b4ee05f71011
487,b02350a6-5e39-4e55-8218-615b3359f567
488,75ab7622-3646-4b34-ad7f-1c3767f4eb92
489,46c9f44f-9f25-442f-92b0-72268858d03a
490,93d3cbcd-e375-440a-b40b-dd36cee42b33
491,94b1eed1-7850-4356-bc2a-d49a73c1bc53
492,4c1217d1-38f2-43b8-af5a-9d7d2a571c66
493,7f179668-851c-4407-92d9-2a6979cee54a
494,d560e0af-e9e9-4fa3-bee6-d328925f0f63
495,a9bd4b09-83d3-40bb-a385-3789e563c64d
496,28832752-ce8d-4038-b6f1-bfd837d337e3
497,61e420ed-0933-48ac-9f7e-b58f9c758c9e
498,ff0d8cea-dfa5-41a6-bff9-9ee29b1ab318
499,55de4439-f4ef-42e8-a1c0-1d8aea588d3f
500,fb4b8881-f2a2-4d82-9ca2-d6e887d74378
501,1569f35a-bdf4-4690-8e07-a72c972e8bb8
502,4702fa50-168c-424a-b433-166b1f68212a
503,941cd794-7e22-4613-9b52-a23deb8764bc
504,ff3fdcc1-edad-410d-942f-82968f372bfd
505,7462500d-ded9-4574-b6fe-9d0233668b54
506,c8eca697-b6f4-41fa-ad17-16e70c9dd615
507,0b53339c-fbd1-4d38-9a32-d07dcf5e0d31
508,98bdafd8-8167-4b3e-a9f5-9984dc6b4181
509,66880a53-43c2-4728-b766-969713ecca08
510,98c16d81-bb28-406a-a104-05b2c64e4ed4
511,45f83876-a76e-4191-86ea-734da8cae2c9
512,1ae8b77f-cf02-4f62-ba46-7cec502c04f2
513,c9c547e7-98e9-4520-83aa-4461994e631b
514,d3dcab7a-6952-442d-9aec-9e29c210a7da
515,764d8cb9-a731-4710-a599-563fb4929b8b
516,d9681c0a-a1d4-45da-91e7-e6b4289da246
517,6ef16e1c-c5bb-482e-b685-9facd66a804d
518,d86adf71-33eb-4b7f-b984-fe619642ab4c
519,cdacfc91-eac1-493b-b52d-17d34b4c5747
520,dae50073-68b5-4b79-a5ae-5d7f02421acb
521,dfd84a2f-e4aa-47a6-bbd9-0c85b6466be2
522,46c4fb31-fa76-41d8-aa0a-81cd5ae4f803
523,eaf90db9-f224-4e47-9ac7-091e78b6e7d0
524,9472468c-e5ad-4a97-9de8-49a4aaa7de5b
525,736ff8f0-6382-4544-94d3-85c0f048dc3a
526,3293732f-388b-4329-a29a-dad1aa5e30de
527,827eeed8-453e-49c9-a505-7b17169b4e5c
528,7895f3dd-a8f0-4e38-a0f3-ef98d92af539
529,4e3d004a-8771-4329-945e-22f0b4e3d9d7
530,89c9091d-29a8-4279-bbdb-95c7c9f642f7
531,111b17fa-4f6c-4f8b-8bae-7b0cf6c6494d
532,a4f05ac3-1f6f-4380-b9c0-94a823912758
533,901868d9-fc05-4c33-afc7-d4bdfb10f464
534,52ea9d99-59b6-4109-9f8b-835af5a7ccc6
535,d90b6c27-e3f5-4ae3-a25f-77a829696ca1
536,312e0d55-d9f2-4758-9f42-c9e61e1fc565
537,8c2fe026-a82f-41b5-b4d2-3d2a7689e28b
538,f09b3fb6-9ea4-4b6f-8008-4636d4c0c280
539,5ef6b7b1-d02d-4262-b7cd-e30aba97853c
540,44186c3d-644f-4db0-b7e3-9819b2b07ca1
541,ead61ae2-f510-44cd-b484-321a61104df3
542,ce357eb4-1156-4ba4-8308-51fe440e9e7d
543,79dc3f13-0823-475b-a3f9-63f1f1b97f93
544,dfeca898-15e2-4cb3-9cb5-decd77d0b5e2
545,606e3b6b-50d8-44ef-b671-c48b5d1821ce
546,10f2487e-69f4-4f2f-b083-7836812132ac
547,a94f62f3-21c7-4e94-aeff-0b35cbb268be
548,48c292e9-5f24-4fc8-8e63-304a56160dc2
549,ede190ba-4bb1-440c-94f8-815269961555
550,30b44e9d-f47c-4c0d-ba38-e41fd5df0b5f
551,6c444050-fd05-497d-9426-b135ca0f1624
552,ad25f436-94bd-4507-863c-941f6a32a0da
553,6a81e1cb-4495-46a1-b39b-c8769a146384
554,d74c0c1f-901d-4bac-a8a3-7bb2195160f8
555,4d7835bd-bb3c-4e54-9541-15e66406ba9f
556,6e757b6d-5a5f-4977-b682-5bae0e3a2bf7
557,cb13f0b9-a398-46ec-967d-bc521b149dc9
558,9d57cf02-4f71-4a10-bf7f-305d6e1aa2d7
559,880d5568-c59e-41ec-bee0-26f5d717f847
560,2bce9b77-e5fc-4d23-8b2d-45e91f692b5b
561,5fec0be7-1d12-440e-bf1e-32371d9d1baf
562,829e6481-bd11-4e4e-b889-27fdb5f07329
563,02a5ed82-c211-47e8-8438-a351b5482169
564,f4842448-1e9d-4d20-b4dc-97c3214fc707
565,98fa609e-30fc-401c-9214-1885ffe427c3
566,35b4a19a-ba20-4cc5-99d0-164d10dd768d
567,190e2203-1582-4353-896f-48c3c77013d6
568,ee3e3592-8585-4b12-97ad-49356c96d2e9
569,5e1e4ff4-0d79-4e2c-8802-e684e2d0ace6
570,309a0eac-7b44-4938-b8ff-50368ce77c6b
571,09ae934f-c717-42fb-9c5f-3e5c8b140585
572,42904631-c13a-421d-8112-b8d000473a19
573,018a248b-0852-4380-8c4a-f18e21842342
574,0531f380-e60b-488d-966a-d66ff650cc86
575,e5dba6e3-8c81-4a55-ae08-6a98618b7ed1
576,fa93da3d-5f30-4bf4-a2cf-dd6be63d6c4b
577,94ebc14e-6fe5-4170-aa2d-6ac7f76fb374
578,d7fefd1b-7c51-4451-8dc1-dbdf4eb078a5
579,2a30f365-8f7f-4617-a072-2b687fdced29
580,1de5198c-7970-419a-9d6f-517a77d13db2
581,83a2dd5d-a6b4-4129-94ee-8f5af3704058
582,5a9843b9-fa86-462d-b677-f34eda5b9160
583,fd111d79-1ec7-455e-a422-d9c4a4124616
584,a8858464-4de1-44ee-9285-8af0312d7508
585,d7547583-a31f-42c5-b3ea-0d68940056ff
586,a41b12b9-95e4-4d79-81a7-0c53506776f7
587,c7ae1d53-1ef0-4561-9450-cfd32446f0ad
588,4098674b-b86d-4e66-a807-ab85b4787965
589,5b0583d3-b5b1-416e-9d29-6c5e531b82df
590,a3d3f339-cc8f-47e3-bb5d-36544bebe5aa
591,a90e8f0e-a985-427b-8ff6-f06327f44d2e
592,3bca66d0-c58f-4424-9131-f2d8404f32cc
593,e287076c-debe-4b90-b3ca-c9da17bd6830
594,256020cd-b53d-4e7e-bbb6-1d7e522d1d9a
595,f196d3f5-56ce-4de9-87a4-b7a734af3d81
596,6dc32855-379a-42cb-b259-ee5870b98cb3
597,fbaea2c3-8c73-4fc7-a50f-a400602aa20c
598,dccd4a02-e154-41cb-b3ee-3178d30a8469
599,2350f69f-2146-4b56-a25d-f011cf93277b
600,d2625b3e-4b89-4617-a99c-42bfc827c26f
601,db32e6cf-2518-43e7-9fb3-422b370a7c0e
602,ab075100-edb4-4c3c-9ece-bb02dec5f35a
603,d2877d9e-6f2a-4409-b1d2-3f84b89e0486
604,6ef022af-e30c-4bbe-9e8e-2b3431a0470c
605,bfe0afd4-c248-49da-ad47-d7641263e9d2
606,18c5fd14-d349-4747-be90-6a26673488da
607,8d5ea532-2363-490f-9a19-f7c58e7ffa95
608,38272d04-7e39-47b5-b3b9-6a3333e04365
609,d9d7a599-d87d-4aeb-a774-a9ae0a5fc81f
610,eb46d928-26ff-441e-a7aa-f8768325333e
611,4898e38f-32e7-4f3d-83bd-d5dfc94bdfc8
612,ce0d5f89-77e4-431e-b9e4-974baf3ac692
613,988207b5-804c-4c32-ac3e-65cb81e7397b
614,86e8f050-9c0d-41a4-83fb-72ea6415aab0
615,8be65b26-fa5e-4b6e-8dd2-58b54561d721
616,96efd780-b4a4-4ee2-be00-2ec2bfb0e097
617,930d2e48-6352-441d-8801-b8e3d8b11390
618,70c3b0d0-4ab9-4ac5-a2e0-65d77fa6827a
619,f9641992-20c7-4820-b428-6345986571a4
620,1b533dc6-c887-426c-8de0-fdf15d4b35de
621,18e17598-f12d-4707-99c7-6a15fdabb8e7
622,7e801316-e3df-4b69-b7da-5070c67a12de
623,df9cdc56-e8af-4df0-98cc-f37f076d2127
624,5c5f5f2d-21d0-4959-8105-9f6bf40e8d6a
625,307fcb42-4d2f-471c-a857-0003eb8f074a
626,61b1d6e6-5e07-4e62-8033-6b58e798b596
627,9e8978db-d4c5-4a8d-bb6e-057876700448
628,8fd5e76f-8fd6-40ec-9f20-5b7c8ddfb8d4
629,5fee159b-d50f-46cf-840b-ffb6230f7d27
630,c98fe0ae-4817-4890-b92e-c4d7a7dc3f32
631,edb1bc34-a0d2-4199-b6c6-e7333424bae4
632,0e2530e0-48d5-40a2-8043-9db41ff92881
633,74d813a3-e302-4856-9b8e-f2ac41ca432e
634,2847c1dd-be69-4aa8-a522-b9155a36a4c3
635,c9256dbc-e7fa-4923-a6ae-3cc6d4cec46a
636,a76c4d52-ba13-4ddd-8143-cdbb987ec494
637,f2d5dceb-9dd3-4141-9116-874adfd774af
638,b29bd287-0343-435b-820d-9a80a3363a30
639,247fd816-681f-45c6-8073-d5db1a543e79
640,7f0c35b0-f7cf-48f6-85aa-fa0b9d29d37b
641,3b01559c-b8fe-47db-9468-ba6701eb6317
642,edea08a7-0bb1-42b7-b8f7-5189594735d6
643,919e0196-6a16-4c3c-a2b3-f989fa32bb24
644,2e3fbfa4-36cc-4e17-875d-e1d619611368
645,b7ec45c3-d70e-4890-aaef-f5f0ddc2de49
646,c2176563-45ee-47ec-84ad-74a0b8b9162b
647,b155bc65-0085-48ba-aa5d-402f87ca7fe5
648,402a803e-5291-4be5-9129-be7829d6f483
649,5b9cec3c-49de-476e-94cf-b54d679c3ac2
650,4b254528-507a-427c-bbba-6160d6b0c3ee
651,7d88290d-cba6-4513-b963-436c5a3f88fa
652,29d73b8f-2140-49df-92bc-298f55e54885
653,80beb60c-76db-496d-b9a4-874737c1183a
654,55b44a5e-533f-43e2-bc21-a3f8adf816a8
655,d5191b5d-9a47-474f-8b95-1b88f6e78626
656,027d5812-1316-4c10-aca1-c77c27328d2c
657,1946309c-89b5-439f-a4c1-e7015cf6e789
658,48a7d093-ec96-404c-91cb-ab52e5794d74
659,0e27958f-f813-4797-84ee-75e216296d54
660,cffd1343-348c-4d06-999a-ae7f4244f24d
661,40988e23-ecef-449d-b30e-b18f4b5af930
662,5feb64c1-86ec-4c7d-b561-dca39f6c4a93
663,9b2b5014-a72a-437e-99e7-7327eec3c274
664,a3d10f0b-61b5-4213-872f-606abe654633
665,c58e3b61-079d-43e8-ac6b-5e5bee0b785a
666,ecd089a1-ab06-415f-bb1e-084d6dcce263
667,1e8fa774-f3b3-4027-9e14-6955fc889e26
668,6499b776-b85d-47f0-83e6-470ea0efc16c
669,b507608e-6e7e-4a9e-b95d-281dc3f963ea
670,0f0695c0-35e4-4ba3-8d7e-6a2e9282d03d
671,34a2ef87-c593-4d54-901f-07083b35f0cc
672,a87955f9-f679-4fe0-bb02-9a7cb3376ded
673,abd67292-c52f-4421-8be2-81a3879f4f5c
674,9baaa37f-8026-4530-8f0e-13a72eb738e6
675,5b961610-fd76-4814-8d44-b795fb0dc7ae
676,12d3adbf-f4fb-45cb-b5a0-2f041f649465
677,9dd781a9-c152-4127-806f-bdcff2366142
678,d8238ebe-bcd8-4a6a-929f-4fa23ca2ac4f
679,867de1cf-e476-4902-b0d0-677ba26be964
680,19e30bfe-8050-476d-b210-ac41e0d0cf54
681,110c7bbd-9ce6-4494-a9da-06fa7c70e943
682,824353e6-5c42-485e-abe4-63fc00c5244e
683,d280bba5-41d5-4d54-8720-1532150ec975
684,bffa0bae-5d78-43d5-85d5-350a46b206cf
685,18543d12-1eff-46b0-b9d7-5244c751179f
686,483a177f-c29e-4bb9-a52b-df4f28fa14b2
687,a022da0e-d955-4d8c-9b2d-c9c4ec2149b8
688,d912b95c-4de8-43ed-8c36-b66c0a7ca7d0
689,bc8418e7-35e1-4d5d-ab6c-8c873c7e1666
690,d74031a6-2b41-4990-9000-baf9e0348cc3
691,64ff2bc1-ad81-4559-a221-d3c19fb3f6cd
692,73dbe5fe-737c-44b1-809e-2f4e59e9cfe1
693,69e39733-3598-4c42-a726-b1764582b6d1
694,7a8b37c3-e0fb-4557-8900-8c2c87ae9971
695,1751439d-a634-4b88-a9c3-3838d32cf222
696,b52a279c-9190-4d71-83db-222efb214536
697,f0380107-bd4e-4bb7-8e27-350fbf2d8353
698,afde2c97-9019-4d08-a427-0265d1c21f72
699,de333715-3dd8-4eb5-bd93-164fa88c6b67
700,7f1df5ba-7b91-4c52-9d62-9b590cb6a15b
701,48de0e67-be84-429e-a4f7-07d7c8a75bde
702,7444d755-e436-4ab6-b321-8bb2e06eedef
703,4847efe1-dafa-429b-bf49-42378a381f26
704,388bc881-2685-4d52-b382-ad45cc68fcf6
705,0d6683de-2b70-4809-b92b-b0cc5083fe4c
706,3516c96f-42c8-4e9c-8bd0-e90364d40225
707,34338808-2f0a-4ccf-9fd1-ebeb8b911f96
708,dcf76328-f7f8-4f39-a2fd-27c78fd87b81
709,094b1d65-b0af-4c66-a5f7-6eb8052ada0d
710,00e22865-673d-4a82-9cb7-e6b217c1e42e
711,01245d8f-75a3-4271-8e4b-b134c320483e
712,804d8035-6ee5-4cf5-baf6-9996dab0349b
713,3199af2b-b747-4a87-a5ab-68027b72e473
714,c9cd931b-38bf-48df-b038-1c8a9a2c5e85
715,7273df4f-90b0-4d27-9596-1f0b2156ebc6
716,7d8c6be0-3000-48c2-81ff-b527a366e1d6
717,038485bb-ea47-4790-9ad3-b1e937cde7a1
718,00ca491d-1480-49ab-8157-974bc034767f
719,36857f6a-534d-4510-8376-aa3ad5ff5094
720,c0f886c6-2c19-4bac-835f-a30e1c1eeeac
721,a967b639-d37f-4e1f-8f5b-2529f7aa4235
722,12758fd6-1f6e-4085-bbe3-7267ce3ecb2b
723,07f745f6-66a8-477e-bd9a-1544d384d9d0
724,9e634c90-f81b-48c5-b2cc-88f21c618430
725,b3e931c4-56ba-4948-9a12-94cf08df8cf4
726,c302bd29-9fcd-476f-bb32-4269435117c3
727,33cb195d-bfae-44c3-a40d-9c890f85d403
728,fec41fb2-d910-46ec-a36c-596b5a6eca3b
729,7a1a22b7-05ff-4a74-bbca-d24755b4b7a5
730,00abbdf9-95f2-4bd3-beb7-31f7658cae8b
731,0a9bb74a-4acd-4fac-a088-5e2fc81a139e
732,104f0384-25d9-4f02-8abd-82046abbfd65
733,3544dacf-a6f9-44f3-a001-e389ca469e1a
734,ab22560b-d9f0-406b-8722-66af42416776
735,f978e3f6-b9e0-4724-8efd-347e54abfe06
736,6a5d032a-691e-4f33-a4d1-326dd4d76fe2
737,23b576ec-02a6-461f-9693-8b35731c318f
738,5c18d28b-cd1b-4045-8448-9a282072f3f7
739,98f25fb0-60b7-4d3b-b56c-ebb59c2816b9
740,059b31cc-e484-4ea2-a75d-99fc4b32a023
741,6af5b33f-71a3-474f-b605-cffa3d1e65e1
742,6f65b677-1cfb-4c85-bdb1-b01320f6f658
743,251ed3ee-0b19-4f2c-bc7b-1e25cec0460d
744,4f0d0524-80e8-4e1e-a04b-ccc077aea101
745,f1c9dc83-9a63-4e66-9ec7-4a828f8d1dcc
746,493c34c7-0689-4651-b520-ea1575f99ed2
747,3e000c40-bbda-4a32-b0ed-dc869a5abd56
748,ec8af374-3dd1-47d1-94e3-c873f058d29d
749,3cfefe86-4ebd-4f05-b1f0-ff329ac64a6b
750,04fe8834-5d5f-4e3e-a411-6be0a9e208e5
751,62af030f-aa5a-4e47-8549-6ba362b0edd4
752,f6613158-bf5f-423a-bbab-6937df2f0b93
753,2e09888f-9921-491f-ae59-d88e3e6badde
754,0a658bda-4c85-4a4a-bb57-4303485e1b38
755,7e967e42-fc25-4bb5-91fd-24f4a795bfeb
756,06e79c80-0ca2-4d91-a11e-da9f46228cb5
757,40c64e24-df8a-498b-8b87-23e4e29008fd
758,b28e5b4a-7dfa-447e-ac6b-f19e35dfdef0
759,f5bde39f-cb8e-4edf-99cb-61ea5fbf648d
760,2c2fc0b4-ca1c-4d7b-aedf-2b5df1d6419a
761,b44dcb86-ef86-4194-bc23-b31015a4e8d3
762,dddc8182-cd8e-4a28-aa17-fdddaabc56eb
763,647ac092-6daa-45e5-9c78-213624ed3ad7
764,6e12f663-09b1-4d1e-b96a-f1d96372c64c
765,f10d5510-1b47-4df0-b5b7-26d8c159ca00
766,a1e9067d-f910-4e41-9b54-47f788d6f7e8
767,0584b021-ba9e-4d67-8ee3-9b3fdcd49cbe
768,c868ae25-7542-4739-a967-3f417878802c
769,43a3f07a-c971-469c-8ed3-707f1ea14bd9
770,ad4fdbcc-afdc-4a38-a3d9-ec1238b1980d
771,52a5f237-3184-4099-846d-ce5471af536e
772,567474b3-eb65-4c64-be19-f159189d9c0b
773,276add41-0cb5-47ed-88ba-fd1e50ea3251
774,c0993c0d-c92c-4c36-9f10-49c70bd6610b
775,7f86c6bd-e53d-4692-8e12-61a678283daf
776,508e3d7d-b32c-4514-b815-c69c512024c4
777,40876f73-064a-4a00-aaf7-bee6eaa3d76c
778,245a4b6e-d13c-4b35-8e98-9f4e47ebc932
779,0e5b2cbf-31ec-48c2-839d-3215bb8de322
780,b8b1bf90-1920-4904-a6a2-06ff43abb6a0
781,7d96a771-7d15-4db0-beb8-91083afc96d2
782,5a0967dc-2552-4be9-ba68-11008c492d9d
783,54a0a75d-2e3d-4044-8c26-b0868f8f5f01
784,6f1f5afd-01b0-47a9-b542-1bf04dc84e01
785,039f6a2e-1c65-4386-a718-ecb12f496812
786,16dcc895-4ab6-4f5f-8134-d919a8a72cd2
787,199911d4-c45d-45a8-a79e-c03786fc20dc
788,56b26b98-a22e-496e-b69c-bd17ac3d7dab
789,6d6e59bc-0c8c-49d4-b8d6-deba6414aa2b
790,785efdef-f37c-4a34-ae5d-4d137a0ccc52
791,6c3bcab1-6f37-4c4f-a0a6-e9b7dc9ac1b6
792,e1dbcb19-967e-46cf-9798-8adceabed46b
793,4f484512-1683-44ea-8a97-89396a354d9f
794,ab3e2760-ac6a-4e5a-8f60-b289638f3a41
795,ab1ecd52-21fe-4575-9f61-3890bb2e0cd4
796,50459af9-fba2-44f1-9ab2-ab55d866d6aa
797,4a935217-10eb-4a3a-a745-34d76ff3e990
798,ece2420a-9d3c-40ab-b895-0862000f9c8c
799,50138eca-85ea-401e-beea-b0d02dac08e3
800,4bc7ec17-4698-497c-af9d-eb379c05ecc7
801,d8646b38-f131-4563-8744-4ad18862a282
802,dae1312f-c071-4841-8338-e5f3a9813150
803,7c6692a9-a9d0-4fff-9f05-f3bedf6e2162
804,c89b576b-6c65-4d9c-b00a-e4a5161f29b5
805,64dd4793-f818-4e2f-863d-2233126d2110
806,da4c3982-a786-4742-9576-e0e46a49f63a
807,67b51857-ff3c-4af3-af74-949abf4e6d86
808,f0dc7d04-aa28-41f9-92f3-ce54992a7f55
809,e256689f-692f-44d6-89a6-1c4e78daefda
810,deb3123f-2d9b-427b-9b6a-340748b282ba
811,29656140-a908-4f0d-83e0-9e9663e0a98e
812,fe763661-7c67-4b93-a48a-d62b42e45f9b
813,0475eaf8-7eba-4f37-8f00-43f7df9dddca
814,756cecee-afc8-4545-932d-f95cd2fc9cba
815,d3dd01fa-1e16-4d78-8688-ac7903c40453
816,7a8d5981-6b50-4591-80fa-ad2a96e575f2
817,61ac773c-97c7-4861-be91-f99f522e889a
818,f202841c-abef-4991-847a-fe8a11e80f7e
819,0559f906-cedf-49d2-b6ef-71c7547e5503
820,b1da124a-dd58-4149-8d47-a2e99e52cc03
821,52664412-e9f0-45c1-b833-2c5d6e615cc6
822,5e550413-6fc7-4253-9638-7d34cd0ac9b0
823,4eaa3e66-3cef-4129-94e0-33827f747528
824,9732df85-3615-494f-9237-c54f81407bf8
825,9df912bd-83e6-474f-b13c-ac275ebc7380
826,921d9e45-5a0d-4af3-8bef-c6962724911a
827,4c36cee4-57db-4d46-9cba-cd1674277f2d
828,70948ae7-cc36-455e-9b03-962163d6228b
829,22bd42a9-8389-4a30-bfa6-b7979e1d1bbc
830,cfc2fc9f-a358-4be8-bcd0-40a584420e62
831,11b03ba9-c181-41a2-a327-c0b87cd11b6c
832,b8bac206-42cf-4da8-beee-a846742e4e46
833,9a7d9947-e558-4ed0-ab89-8425bd78806a
834,5ce24dbb-959f-4391-b8f7-e1c5901c57f1
835,a57072f3-a36a-4fc2-8e85-e5958e3fdfca
836,7ca9acca-4370-4099-93ae-431c05ea31a7
837,568fb1ef-b9ce-44dc-8ab3-f43f8ea50881
838,22aa87ce-70c4-4f1f-be04-6d7b77db1cfa
839,30d1ebee-1c45-42dc-8e39-9733a89d8881
840,59b04be2-6a9f-487b-91f7-21da19897561
841,1b9f561f-e22b-49ba-b34e-dc686bbf713d
842,e363213e-024c-46ec-9da0-bfefd9488181
843,51747d8d-c472-4ef3-933b-b3fd4f917884
844,3506d165-b487-4df4-93f3-410929d04455
845,0d80075e-e5cd-4ecd-ab10-33bc8ee52057
846,81f834e1-e7e7-49f3-90e1-fa7ce1abf638
847,fd8fe8d1-c117-42bf-af36-ccff0c7704da
848,6cad5c8c-d452-44d8-8495-becea6e1cf9d
849,e2fcaa15-2f01-42a8-886e-32dca7851921
850,0e1c8e73-cd4b-4b14-bc4e-43b061fdcd13
851,6d1066f8-3991-4761-8783-ce17cc9c3ab8
852,fc056283-17b5-4288-b121-a5069ec6dcd7
853,6ba79b75-7a55-41bb-9267-8e2135f2730c
854,2929ce4f-89aa-41a6-8ef4-d1904433f05f
855,4265864a-92d8-48dc-b9ea-9aa2cb754eb1
856,ee8fe90c-c1f0-4f87-90d3-b708b886bf3d
857,412d93bf-c76c-4c95-9683-30d04ab6e1b2
858,6db528c4-f5d1-4933-b2fd-933207f8cb7a
859,b7536781-b1af-40a7-a700-1bb589a05f4c
860,497ef5d2-8e78-42d5-a29b-6de6a10ab394
861,6e74f4b8-e847-4957-8db8-515dd9668bdc
862,dfc17075-6387-4033-95d0-0f22d04f7a6b
863,088f8470-d0e3-434c-a0eb-17a783fd2059
864,b944c3f1-f109-4d77-a856-f776d9af036b
865,4728dd95-dab1-4246-a0af-0338049af7f6
866,878a9cfc-da6e-4955-b08e-f78a950de8a1
867,911b0a94-d3e8-40a1-bd55-455270e7de5b
868,09bae922-244e-4d4a-be15-b9141fa60270
869,6827a170-651f-4120-b624-6527054175b6
870,0ad4b064-437b-4c10-83bd-02bb0129eed3
871,bd79518a-1920-498e-a841-b601888cff9b
872,753075f3-83e5-4e98-9381-ec98ef2eb275
873,b44da064-65cd-452d-b2d5-1f351cc0e3a7
874,3596bcdc-1631-4a37-a522-f4f8fadf8e42
875,4c6e8ecb-5f85-414c-baa7-c66aab2b77ec
876,e2a3092c-138d-4834-b366-759858916d63
877,384e0221-b12d-46fa-ad84-8bac0fe134f8
878,9953070d-871c-4afd-9fac-2e62ceb9b199
879,9515de00-853c-43e2-b2e9-ccfa90161df8
880,b164f131-c20d-4a1f-a70d-5e28800c9c27
881,f554e90f-4f02-440c-a2ce-9723f788603d
882,80ccd92d-32c9-4d9d-b04d-c597d58adb0a
883,139be043-e40c-4415-929b-7ed91b62d20f
884,cdf9ebeb-88d5-4510-9ded-0c3279b80ab9
885,1dd499ee-dd78-426a-bd89-dc205ec84dc2
886,8101bb17-e537-47c8-b7f5-3e76abcec03c
887,90f80429-53f2-4f27-86dd-e869ebfcd56a
888,74eac48a-4f3c-48d1-b94e-d5049672c85d
889,6c189e08-5d0c-439b-a99f-363196cf2db3
890,186b174c-a23c-4c32-9df6-f253cec4459a
891,e9a5111e-cc08-49f1-95ef-eab77faeed71
892,4e3d0dd9-c002-4048-8629-170f3814d932
893,4db66662-3eff-4728-bf4e-4f4b6b64df70
894,d80b1098-9a46-47e5-a374-ae1680da1a68
895,e23378a7-4f16-4be0-a512-34eeabe853e1
896,3a265307-c77b-43a0-8688-1c51eac9a11a
897,f7deb955-ede5-4082-b0f3-f22ea42e5823
898,f1e7d915-e696-4993-a090-b09393344108
899,e6818b4f-07fe-4018-8e40-0c4bb205576e
900,b6ba9894-1f6d-45b1-b553-4c3b4e1dde94
901,2f2ba0c5-e174-4c8e-a548-4d4ddea7bbb0
902,bee6d890-1ffb-4a21-9983-412e4b13db50
903,da8ec999-0257-46ba-b6a9-aeb8a21ed068
904,ba26ca91-be66-4664-b778-bfb4831fc54e
905,7acf8b9b-74cf-43d7-901e-0750219ad583
906,5ad409e5-f2c0-40ea-adf6-d7218741796a
907,89ede420-c3b7-4db0-abe2-8352b0b2e5af
908,13868fb7-9200-4af1-9e25-524c652a3e4d
909,acfaccba-8ad5-4eee-9a08-01fb8bddcacc
910,9141b10f-32f8-491e-a06a-712a4bafcb46
911,3e3c980d-9b07-454e-8e33-435c60e59e8d
912,9269d612-0a3b-4bf1-95b7-1d337639c6cd
913,69444696-497c-4810-9943-f4f3dba86c1c
914,36eb49dc-6b27-423e-bc35-4f668daf13cb
915,3fecd1ac-51bc-422c-8c6a-ce8547892c71
916,d63cfd43-f09a-40e3-827a-ae72e60f0389
917,6755c02a-eade-48fe-9f99-b2aabd52d5c2
918,26d4cf0b-cb34-4e4f-97a5-340a2e4cdeb6
919,7d1a8944-36cf-49f5-9821-8b6bc877c7c7
920,5c90b3fa-46e1-41df-8eb3-c8716f357782
921,bb03c551-cc47-4701-aa58-8f43618efdeb
922,f13061c6-a293-48bc-8adf-b37b95939eff
923,c8349faf-f1e4-4b98-8733-e1cbd9f8ce1f
924,09dfe760-ca37-4904-aabb-dc4c36183829
925,a65a60a9-4048-42a5-b9e8-81edef7a3403
926,9349edb6-311a-46d2-97bb-e815d0dff15f
927,e9224865-f63a-4723-9fd8-b70e971b8a9c
928,837f787c-a0b5-4e65-a8cb-1db2fb87a60a
929,88f2edbb-7de5-4a43-981d-331ada052f9f
930,923a78e6-f155-4499-90ed-dee42e12cc23
931,9828e725-031a-4114-9a1b-bdf9c3041e83
932,77de5529-fbeb-4ded-8f06-199752813d5f
933,ec2311a7-d241-4004-9abb-2e6f2641b9e4
934,68860bb7-41dd-4961-888e-3d54307a5d91
935,ab68db41-e12e-4c26-bc79-ddf7440bb46f
936,c2761052-f397-4c21-a7fc-97e90751c37f
937,72458477-e7cc-4d28-bac6-9dd861704698
938,f42df0d2-bd5f-48c3-800d-a496c2ac85cb
939,5b318336-7c97-481c-a679-f57d3e00d9d1
940,72bd288a-cb03-427b-8b2d-5e0fe20433ae
941,4a562c21-39f8-46cb-946c-39f8a4eb5f28
942,5a2d62c3-efe4-47b4-b3a5-e7f55d78f13b
943,aa56a689-5ab7-4d48-8265-438e1bdc48db
944,fafac940-f741-4a67-9b62-d995d1217dad
945,6eff8809-bcf5-49bc-991c-1c1cba58e565
946,67418412-ee84-4617-a256-0712f99e0a09
947,b30139d9-7e42-4833-aa89-92001e10774b
948,1fbaedf8-b441-49ea-9582-4fc7a3733baa
949,02a6f456-e4d4-45a8-b6e0-672f68f7e23a
950,a85919a3-c6ea-4080-87c8-f3c84aa62b49
951,90863ae7-669b-4df9-8f09-ac5e2d7de35b
952,f236477a-9f11-467e-addc-f2e79ba08b2d
953,f4429127-a203-40a3-9ec5-6b3cd52fc907
954,a882e8c0-bb38-4842-9247-f6ddeb33273a
955,df376a4c-b03a-4413-ab33-fae52ad84b98
956,91ab81f6-1ed4-4329-8f4a-d1115607e720
957,ab73be0d-5709-45a7-97ce-01f76f99b6d8
958,e45bfe43-d55f-4281-84c8-7d4ba2531642
959,aaf320fb-94f3-406c-9886-3e2d3d3f0aa4
960,950f2d34-4aae-4123-8ebf-6c997bbc4eb0
961,1916c4fe-1de6-4414-be26-4c69b1e4d4b3
962,4862cb3b-cb0c-43c0-944c-3be0969b0031
963,b198e163-181a-475f-86fa-4ead121364f3
964,5958342c-ff94-45ec-98bd-0c2d3ac3a3b0
965,3d688ad0-701d-498b-bc32-34c0402fea03
966,7daeef8b-0371-41d2-9dea-4f8e478d9516
967,ff540b0a-c156-4606-b032-870adc452825
968,db7d6c6c-d563-4aed-b525-75ea1f30aa00
969,f508dbd4-071c-4eda-9268-f0f73e43b701
970,d224d547-9ff7-44a8-86a0-5d8d9d5edfee
971,607670c4-6e1e-4d53-b1c8-986bebf12bae
972,b495f72b-af49-467e-a46a-1e4d65e979cf
973,66030a18-7f77-41c4-b88b-304be072a6c2
974,62cffa3f-6971-4772-9267-09fd10e47ee2
975,c3f89454-f5b8-43bb-8f5b-a72224e98f8c
976,b391ed3d-9790-48b6-b7ea-a1231dc735d4
977,437086a9-6f62-487e-8667-11d397114b7e
978,f7b76f51-ee19-498b-a830-35834feb2b46
979,998b94bc-173a-49ee-a05b-8b56577d61ca
980,4224c1f3-bab5-4768-9865-d08aebe7ff59
981,bd2563ee-e0e7-4424-9ab2-811a626eeeab
982,2317b5b1-b10c-44ad-8827-f04c6873cee0
983,a59ffd93-87f3-4960-9ac7-bbe2630133b2
984,93dc416c-0191-426f-8845-457cc069d86d
985,09f63d69-fa4d-4274-aeeb-211d2ee7f5f9
986,8710f2ac-7658-4def-83e7-169e0e551c2a
987,4755f421-7420-409e-a62b-0678ca35487a
988,6a36a463-d423-421c-887d-dfdb5c95a440
989,2d17f9cc-cb10-4dc1-85fc-90d4d69a48bb
990,514bd9a2-b743-456d-b7d9-9ea6054bc666
991,11de6c53-3755-44d9-b0be-abedb732de39
992,12e61640-c6b6-47d4-a1eb-f80da3040307
993,807ca4dd-0411-4fdd-9aa1-97fbf56b1050
994,e66ca100-755d-47ed-bd9d-76ea5ea36a21
995,d75224a6-5da2-4f8a-a7f3-61804a59e234
996,b7ed8f8a-da4c-4971-b239-853bcd4e21ce
997,9e59bf3f-cabf-47e4-b2aa-69aeb8ec72b9
998,69e69839-2c14-4893-bb08-efc24781f7ac
999,a2f4cb83-7e3e-450b-9a08-5051d1ea851f
1000,00369bae-63ac-4122-b025-52343aa5f11c
